1,0.040000000000000001,0,0,0.25,0,477.15441131591797,477.15441131591797,238.47335815429687,44.534412178838949,44.534412178838949,33.004365449366517,1.2313052408862686,1.2313052408862686,1.0562425014077708,1.2313052408862684,1.2313052408862684,1.0562425014077708
2,0.040000000000000001,0,0,0.25,0.001,472.92620897293091,472.92620897293091,238.47335815429687,44.415653433163442,44.415653433163442,32.986791378376431,1.2280217515844649,1.2280217515844649,1.0556800763936929,1.2280217515844647,1.2280217515844647,1.0556800763936929
3,0.040000000000000001,0,0,0.25,0.002,468.76130676269531,468.76130676269531,238.47335815429687,44.297943797675067,44.297943797675067,32.969217307386344,1.2247672685007402,1.2247672685007402,1.0551176513796152,1.2247672685007402,1.2247672685007402,1.0551176513796154
4,0.040000000000000001,0,0,0.25,0.0030000000000000001,464.65837478637695,464.65837478637695,238.47335815429687,44.181267613915566,44.181267613915566,32.951643236396258,1.2215413587037778,1.2215413587037778,1.0545552263655376,1.2215413587037778,1.2215413587037778,1.0545552263655376
5,0.040000000000000001,0,0,0.25,0.0040000000000000001,460.61611557006836,460.61611557006836,238.47335815429687,44.06560955135506,44.06560955135506,32.934069165406171,1.2183435983289552,1.2183435983289552,1.0539928013514597,1.218343598328955,1.218343598328955,1.0539928013514597
6,0.040000000000000001,0,0,0.25,0.0050000000000000001,456.63329696655273,456.63329696655273,238.47335815429687,43.950954598575237,43.950954598575237,32.916495094416092,1.2151735723345751,1.2151735723345751,1.0534303763373822,1.2151735723345751,1.2151735723345751,1.0534303763373822
7,0.040000000000000001,0,0,0.25,0.0060000000000000001,452.70864868164062,452.70864868164062,238.47335815429687,43.837288054741279,43.837288054741279,32.898921023426006,1.2120308742660759,1.2120308742660759,1.0528679513233046,1.2120308742660757,1.2120308742660757,1.0528679513233046
8,0.040000000000000001,0,0,0.25,0.0070000000000000001,448.84100151062012,448.84100151062012,238.47335815429687,43.724595521351446,43.724595521351446,32.881346952435919,1.2089151060279226,1.2089151060279226,1.0523055263092267,1.2089151060279226,1.2089151060279226,1.0523055263092267
9,0.040000000000000001,0,0,0.25,0.0080000000000000002,445.02920818328857,445.02920818328857,238.47335815429687,43.61286289425383,43.61286289425383,32.863772881445833,1.2058258776628819,1.2058258776628819,1.051743101295149,1.2058258776628816,1.2058258776628816,1.051743101295149
10,0.040000000000000001,0,0,0.25,0.0090000000000000011,441.27212524414062,441.27212524414062,238.47335815429687,43.502076355919826,43.502076355919826,32.846198810455746,1.202762807138396,1.202762807138396,1.0511806762810714,1.202762807138396,1.202762807138396,1.0511806762810714
11,0.040000000000000001,0,0,0.25,0.01,437.56863403320312,437.56863403320312,238.47335815429687,43.392222367964941,43.392222367964941,32.82862473946566,1.1997255201397954,1.1997255201397954,1.0506182512669935,1.1997255201397954,1.1997255201397954,1.0506182512669935
12,0.040000000000000001,0,0,0.25,0.010999999999999999,433.91767877340317,433.91767877340317,238.47335815429687,43.283287663907238,43.283287663907238,32.811050668475573,1.1967136498700812,1.1967136498700812,1.0500558262529158,1.1967136498700812,1.1967136498700812,1.050055826252916
13,0.040000000000000001,0,0,0.25,0.012,430.31819176673889,430.31819176673889,238.47335815429687,43.17525924215488,43.17525924215488,32.793476597485487,1.1937268368560419,1.1937268368560419,1.0494934012388382,1.1937268368560419,1.1937268368560419,1.0494934012388382
14,0.040000000000000001,0,0,0.25,0.013000000000000001,426.76919555664062,426.76919555664062,238.47335815429687,43.068124359213961,43.068124359213961,32.775902526495408,1.1907647287604606,1.1907647287604606,1.0489309762247607,1.1907647287604606,1.1907647287604606,1.0489309762247603
15,0.040000000000000001,0,0,0.25,0.014,423.26966094970703,423.26966094970703,238.47335815429687,42.961870523108708,42.961870523108708,32.758328455505321,1.1878269802001948,1.1878269802001948,1.0483685512106828,1.1878269802001948,1.1878269802001948,1.0483685512106828
16,0.040000000000000001,0,0,0.25,0.014999999999999999,419.81863474845886,419.81863474845886,238.47335815429687,42.856485487006019,42.856485487006019,32.740754384515235,1.1849132525699042,1.1849132525699042,1.0478061261966052,1.184913252569904,1.184913252569904,1.0478061261966052
17,0.040000000000000001,0,0,0.25,0.02,403.25886535644531,403.25886535644531,238.47335815429687,42.342180064575359,42.342180064575359,32.652884029564802,1.1706935305376014,1.1706935305376014,1.0449940011262164,1.1706935305376014,1.1706935305376014,1.0449940011262167
18,0.040000000000000001,0,0,0.25,0.025000000000000001,387.77965950965881,387.77965950965881,238.47335815429687,41.847888277852817,41.847888277852817,32.565013674614377,1.1570271535104515,1.1570271535104515,1.0421818760558281,1.1570271535104513,1.1570271535104513,1.0421818760558281
19,0.040000000000000001,0,0,0.25,0.029999999999999999,373.28410339355469,373.28410339355469,238.47335815429687,41.372321217043975,41.372321217043975,32.477143319663952,1.1438784851949182,1.1438784851949182,1.0393697509854396,1.143878485194918,1.143878485194918,1.0393697509854396
20,0.040000000000000001,0,0,0.25,0.035000000000000003,359.68620300292969,359.68620300292969,238.47335815429687,40.914304136169832,40.914304136169832,32.38927296471352,1.1312150457442962,1.1312150457442962,1.0365576259150509,1.131215045744296,1.131215045744296,1.0365576259150509
21,0.040000000000000001,0,0,0.25,0.040000000000000001,346.90940463542938,346.90940463542938,238.47335815429687,40.472763720356248,40.472763720356248,32.301402609763095,1.1190071597196392,1.1190071597196392,1.0337455008446625,1.1190071597196389,1.1190071597196389,1.0337455008446625
22,0.040000000000000001,0,0,0.25,0.044999999999999998,334.88543677330017,334.88543677330017,238.47335815429687,40.046717051154822,40.046717051154822,32.213532254812662,1.1072276509985355,1.1072276509985355,1.0309333757742738,1.1072276509985355,1.1072276509985355,1.0309333757742738
23,0.040000000000000001,0,0,0.25,0.050000000000000003,323.55315732955933,323.55315732955933,238.47335815429687,39.635262008154477,39.635262008154477,32.125661899862237,1.0958515773950281,1.0958515773950281,1.0281212507038853,1.0958515773950279,1.0958515773950279,1.0281212507038853
24,0.040000000000000001,0,0,0.25,0.059999999999999998,302.74966025352478,302.74966025352478,238.47335815429687,38.852873080075774,38.852873080075774,31.94992118996138,1.0742197753699765,1.0742197753699765,1.0224970005631082,1.0742197753699763,1.0742197753699763,1.0224970005631082
25,0.040000000000000001,0,0,0.25,0.069999999999999993,284.12200921773911,284.12200921773911,238.47335815429687,38.1197024006416,38.1197024006416,31.774180480060526,1.053948779169865,1.053948779169865,1.0168727504223312,1.053948779169865,1.053948779169865,1.0168727504223312
26,0.040000000000000001,0,0,0.25,0.080000000000000002,267.3621997833252,267.3621997833252,238.47335815429687,37.430708001868766,37.430708001868766,31.598439770159668,1.0348991864471977,1.0348991864471977,1.0112485002815541,1.0348991864471975,1.0348991864471975,1.0112485002815543
27,0.040000000000000001,0,0,0.25,0.089999999999999997,252.21632385253906,252.21632385253906,238.47335815429687,36.781547639740054,36.781547639740054,31.422699060258815,1.016950941102567,1.016950941102567,1.0056242501407771,1.016950941102567,1.016950941102567,1.0056242501407771
28,0.040000000000000001,0,0,0.25,0.10000000000000001,238.47335815429687,238.47335815429687,238.47335815429687,36.168458234437452,36.168458234437452,31.246958350357957,1,1,1,1,1,1
29,0.040000000000000001,0,0,0.25,0.11,225.95657157897949,225.95657157897949,238.47335815429687,35.58815982110913,35.58815982110913,31.0712176404571,0.9839556773593463,0.9839556773593463,0.99437574985922283,0.9839556773593463,0.9839556773593463,0.99437574985922295
30,0.040000000000000001,0,0,0.25,0.12,214.51700973510742,214.51700973510742,238.47335815429687,35.037778322755585,35.037778322755585,30.895476930556246,0.9687385095501444,0.9687385095501444,0.98875149971844589,0.9687385095501444,0.9687385095501444,0.98875149971844589
31,0.040000000000000001,0,1,0.25,0,477.15441131591797,477.15441131591797,238.47335433959961,44.534412178838949,44.534412178838949,33.004365449366517,1.2313052408862686,1.2313052408862686,1.0562425014077708,1.2313052408862684,1.2313052408862684,1.0562425014077708
32,0.040000000000000001,0,1,0.25,0.001,472.92620897293091,472.92620897293091,238.47335433959961,44.415653433163442,44.415653433163442,32.986791378376431,1.2280217515844649,1.2280217515844649,1.0556800763936929,1.2280217515844647,1.2280217515844647,1.0556800763936929
33,0.040000000000000001,0,1,0.25,0.002,468.76131439208984,468.76131439208984,238.47335433959961,44.297943797675075,44.297943797675075,32.969217307386344,1.2247672685007405,1.2247672685007405,1.0551176513796152,1.2247672685007402,1.2247672685007402,1.0551176513796152
34,0.040000000000000001,0,1,0.25,0.0030000000000000001,464.65837097167969,464.65837097167969,238.47335433959961,44.181267613915566,44.181267613915566,32.951643236396258,1.2215413587037778,1.2215413587037778,1.0545552263655376,1.2215413587037776,1.2215413587037776,1.0545552263655376
35,0.040000000000000001,0,1,0.25,0.0040000000000000001,460.61613464355469,460.61613464355469,238.47335433959961,44.06560955135506,44.06560955135506,32.934069165406171,1.2183435983289552,1.2183435983289552,1.0539928013514597,1.218343598328955,1.218343598328955,1.0539928013514597
36,0.040000000000000001,0,1,0.25,0.0050000000000000001,456.63330078125,456.63330078125,238.47335433959961,43.950954598575244,43.950954598575244,32.916495094416092,1.2151735723345753,1.2151735723345753,1.0534303763373822,1.2151735723345751,1.2151735723345751,1.0534303763373822
37,0.040000000000000001,0,1,0.25,0.0060000000000000001,452.70864868164062,452.70864868164062,238.47335433959961,43.837288054741279,43.837288054741279,32.898921023426006,1.2120308742660759,1.2120308742660759,1.0528679513233046,1.2120308742660757,1.2120308742660757,1.0528679513233046
38,0.040000000000000001,0,1,0.25,0.0070000000000000001,448.84100341796875,448.84100341796875,238.47335433959961,43.724595521351446,43.724595521351446,32.881346952435919,1.2089151060279226,1.2089151060279226,1.0523055263092267,1.2089151060279224,1.2089151060279224,1.0523055263092267
39,0.040000000000000001,0,1,0.25,0.0080000000000000002,445.02920722961426,445.02920722961426,238.47335433959961,43.61286289425383,43.61286289425383,32.863772881445833,1.2058258776628819,1.2058258776628819,1.051743101295149,1.2058258776628816,1.2058258776628816,1.051743101295149
40,0.040000000000000001,0,1,0.25,0.0090000000000000011,441.27212512493134,441.27212512493134,238.47335433959961,43.502076355919833,43.502076355919833,32.846198810455746,1.2027628071383962,1.2027628071383962,1.0511806762810714,1.202762807138396,1.202762807138396,1.0511806762810714
41,0.040000000000000001,0,1,0.25,0.01,437.56863021850586,437.56863021850586,238.47335433959961,43.392222367964948,43.392222367964948,32.82862473946566,1.1997255201397956,1.1997255201397956,1.0506182512669935,1.1997255201397954,1.1997255201397954,1.0506182512669935
42,0.040000000000000001,0,1,0.25,0.010999999999999999,433.91766738891602,433.91766738891602,238.47335433959961,43.283287663907245,43.283287663907245,32.811050668475573,1.1967136498700814,1.1967136498700814,1.0500558262529158,1.1967136498700812,1.1967136498700812,1.0500558262529158
43,0.040000000000000001,0,1,0.25,0.012,430.31819152832031,430.31819152832031,238.47335433959961,43.17525924215488,43.17525924215488,32.793476597485487,1.1937268368560419,1.1937268368560419,1.0494934012388382,1.1937268368560414,1.1937268368560414,1.0494934012388382
44,0.040000000000000001,0,1,0.25,0.013000000000000001,426.76919364929199,426.76919364929199,238.47335433959961,43.068124359213968,43.068124359213968,32.775902526495408,1.1907647287604608,1.1907647287604608,1.0489309762247607,1.1907647287604606,1.1907647287604606,1.0489309762247607
45,0.040000000000000001,0,1,0.25,0.014,423.26965379714966,423.26965379714966,238.47335433959961,42.961870523108715,42.961870523108715,32.758328455505321,1.1878269802001951,1.1878269802001951,1.0483685512106828,1.1878269802001948,1.1878269802001948,1.0483685512106828
46,0.040000000000000001,0,1,0.25,0.014999999999999999,419.81863591074944,419.81863591074944,238.47335433959961,42.856485487006019,42.856485487006019,32.740754384515235,1.1849132525699042,1.1849132525699042,1.0478061261966052,1.184913252569904,1.184913252569904,1.047806126196605
47,0.040000000000000001,0,1,0.25,0.02,403.25885015726089,403.25885015726089,238.47335433959961,42.342180064575373,42.342180064575373,32.652884029564802,1.1706935305376016,1.1706935305376016,1.0449940011262164,1.1706935305376014,1.1706935305376014,1.0449940011262164
48,0.040000000000000001,0,1,0.25,0.025000000000000001,387.77965950965881,387.77965950965881,238.47335433959961,41.847888277852817,41.847888277852817,32.565013674614377,1.1570271535104515,1.1570271535104515,1.0421818760558281,1.157027153510451,1.157027153510451,1.0421818760558281
49,0.040000000000000001,0,1,0.25,0.029999999999999999,373.28410340100527,373.28410340100527,238.47335433959961,41.372321217043982,41.372321217043982,32.477143319663952,1.1438784851949184,1.1438784851949184,1.0393697509854396,1.143878485194918,1.143878485194918,1.0393697509854396
50,0.040000000000000001,0,1,0.25,0.035000000000000003,359.68618679046631,359.68618679046631,238.47335433959961,40.914304136169839,40.914304136169839,32.38927296471352,1.1312150457442964,1.1312150457442964,1.0365576259150509,1.1312150457442962,1.1312150457442962,1.0365576259150509
51,0.040000000000000001,0,1,0.25,0.040000000000000001,346.90940856933594,346.90940856933594,238.47335433959961,40.472763720356241,40.472763720356241,32.301402609763095,1.1190071597196389,1.1190071597196389,1.0337455008446625,1.1190071597196387,1.1190071597196387,1.0337455008446625
52,0.040000000000000001,0,1,0.25,0.044999999999999998,334.88543701171875,334.88543701171875,238.47335433959961,40.046717051154822,40.046717051154822,32.213532254812662,1.1072276509985355,1.1072276509985355,1.0309333757742738,1.1072276509985355,1.1072276509985355,1.0309333757742738
53,0.040000000000000001,0,1,0.25,0.050000000000000003,323.55315589904785,323.55315589904785,238.47335433959961,39.635262008154477,39.635262008154477,32.125661899862237,1.0958515773950281,1.0958515773950281,1.0281212507038853,1.0958515773950279,1.0958515773950279,1.0281212507038853
54,0.040000000000000001,0,1,0.25,0.059999999999999998,302.74966406822205,302.74966406822205,238.47335433959961,38.852873080075774,38.852873080075774,31.94992118996138,1.0742197753699765,1.0742197753699765,1.0224970005631082,1.0742197753699763,1.0742197753699763,1.0224970005631082
55,0.040000000000000001,0,1,0.25,0.069999999999999993,284.12200736999512,284.12200736999512,238.47335433959961,38.1197024006416,38.1197024006416,31.774180480060526,1.053948779169865,1.053948779169865,1.0168727504223312,1.053948779169865,1.053948779169865,1.0168727504223312
56,0.040000000000000001,0,1,0.25,0.080000000000000002,267.3621997833252,267.3621997833252,238.47335433959961,37.430708001868766,37.430708001868766,31.598439770159668,1.0348991864471977,1.0348991864471977,1.0112485002815541,1.0348991864471975,1.0348991864471975,1.0112485002815543
57,0.040000000000000001,0,1,0.25,0.089999999999999997,252.21632385253906,252.21632385253906,238.47335433959961,36.781547639740054,36.781547639740054,31.422699060258815,1.016950941102567,1.016950941102567,1.0056242501407771,1.0169509411025668,1.0169509411025668,1.0056242501407771
58,0.040000000000000001,0,1,0.25,0.10000000000000001,238.47335433959961,238.47335433959961,238.47335433959961,36.168458234437459,36.168458234437459,31.246958350357957,1.0000000000000002,1.0000000000000002,1,1,1,1
59,0.040000000000000001,0,1,0.25,0.11,225.95657157897949,225.95657157897949,238.47335433959961,35.58815982110913,35.58815982110913,31.0712176404571,0.9839556773593463,0.9839556773593463,0.99437574985922283,0.98395567735934608,0.98395567735934608,0.99437574985922283
60,0.040000000000000001,0,1,0.25,0.12,214.51701259613037,214.51701259613037,238.47335433959961,35.037778322755592,35.037778322755592,30.895476930556246,0.96873850955014462,0.96873850955014462,0.98875149971844589,0.9687385095501444,0.9687385095501444,0.988751499718446
61,0.040000000000000001,1.5,0,0.25,0,477.15441131591797,477.15441131591797,238.47335815429687,44.534412178838949,44.534412178838949,33.004365449366517,1.2313052408862686,1.3577585895569044,1.0562425014077708,2.9969681910975122e-51,0.83019151396905233,0.95579366987473513
62,0.040000000000000001,1.5,0,0.25,0.001,472.92620897293091,152.2824809551239,238.47335815429687,44.415653433163442,39.034898900163277,32.986791378376431,1.2280217515844649,1.1900902399103768,1.0556800763936929,1,0.89096207827570517,0.95623573317598798
63,0.040000000000000001,1.5,0,0.25,0.002,468.76130676269531,149.5188102722168,238.47335815429687,44.297943797675067,38.861282131785856,32.969217307386344,1.2247672685007402,1.1847970374850496,1.0551176513796152,1,0.89497790120380138,0.95667779647724049
64,0.040000000000000001,1.5,0,0.25,0.0030000000000000001,464.65837478637695,147.27935409545898,238.47335815429687,44.181267613915566,38.712267355851097,32.951643236396258,1.2215413587037778,1.1802538969764509,1.0545552263655376,1,0.89824316662243042,0.95711985977849312
65,0.040000000000000001,1.5,0,0.25,0.0040000000000000001,460.61611557006836,145.33739376068115,238.47335815429687,44.06560955135506,38.577372167963141,32.934069165406171,1.2183435983289552,1.1761412323855438,1.0539928013514597,1,0.90109247786471502,0.95756192307974575
66,0.040000000000000001,1.5,0,0.25,0.0050000000000000001,456.63329696655273,143.5975341796875,238.47335815429687,43.950954598575237,38.452187056406487,32.916495094416092,1.2151735723345751,1.1723246071695621,1.0534303763373822,1,0.90366400829805127,0.95800398638099848
67,0.040000000000000001,1.5,0,0.25,0.0060000000000000001,452.70864868164062,142.00796127319336,238.47335815429687,43.837288054741279,38.33431387014177,32.898921023426006,1.2120308742660759,1.1687309068533511,1.0528679513233046,1,0.90603168876594553,0.95844604968225111
68,0.040000000000000001,1.5,0,0.25,0.0070000000000000001,448.84100151062012,140.5364990234375,238.47335815429687,43.724595521351446,38.222260086549014,32.881346952435919,1.2089151060279226,1.1653146276274247,1.0523055263092267,1,0.90824086596803422,0.95888811298350374
69,0.040000000000000001,1.5,0,0.25,0.0080000000000000002,445.02920818328857,139.16139608621597,238.47335815429687,43.61286289425383,38.115013794540928,32.863772881445833,1.2058258776628819,1.162044918495813,1.051743101295149,1,0.91032185656224207,0.95933017628475625
70,0.040000000000000001,1.5,0,0.25,0.0090000000000000011,441.27212524414062,137.86705791950226,238.47335815429687,43.502076355919826,38.011846990571428,32.846198810455746,1.202762807138396,1.1588995841937857,1.0511806762810714,1,0.91229617686695463,0.9597722395860091
71,0.040000000000000001,1.5,0,0.25,0.01,437.56863403320312,136.64183056354523,238.47335815429687,43.392222367964941,37.912213642706043,32.82862473946566,1.1997255201397954,1.1558619773802661,1.0506182512669935,1,0.9141797849002824,0.96021430288726162
72,0.040000000000000001,1.5,0,0.25,0.010999999999999999,433.91767877340317,135.47669219970703,238.47335815429687,43.283287663907238,37.8156892496376,32.811050668475573,1.1967136498700812,1.1529191559220158,1.0500558262529158,1,0.91598492391916864,0.96065636618851424
73,0.040000000000000001,1.5,0,0.25,0.012,430.31819176673889,134.3644847869873,238.47335815429687,43.17525924215488,37.72193556113622,32.793476597485487,1.1937268368560419,1.1500608072959195,1.0494934012388382,1,0.91772124310180048,0.96109842948976687
74,0.040000000000000001,1.5,0,0.25,0.013000000000000001,426.76919555664062,133.29941558837891,238.47335815429687,43.068124359213961,37.630677679298643,32.775902526495408,1.1907647287604606,1.1472785504552507,1.0489309762247607,1,0.91939651537060563,0.96154049279101961
75,0.040000000000000001,1.5,0,0.25,0.014,423.26966094970703,132.27668142318726,238.47335815429687,42.961870523108708,37.541686445859909,32.758328455505321,1.1878269802001948,1.1445653988566289,1.0483685512106828,1,0.92101711695802169,0.96198255609227223
76,0.040000000000000001,1.5,0,0.25,0.014999999999999999,419.81863474845886,131.29228115081787,238.47335815429687,42.856485487006019,37.454770191038861,32.740754384515235,1.1849132525699042,1.1419155089000377,1.0478061261966052,1,0.92258835911444703,0.96242461939352486
77,0.040000000000000001,1.5,0,0.25,0.02,403.25886535644531,126.84137344360352,238.47335815429687,42.342180064575359,37.046288606778049,32.652884029564802,1.1706935305376014,1.1294617826112809,1.0449940011262164,1,0.92984058729521279,0.9646349358997881
78,0.040000000000000001,1.5,0,0.25,0.025000000000000001,387.77965950965881,122.99075412750244,238.47335815429687,41.847888277852817,36.672242162016396,32.565013674614377,1.1570271535104515,1.1180579097762944,1.0421818760558281,1,0.9363262761587321,0.96684525240605135
79,0.040000000000000001,1.5,0,0.25,0.029999999999999999,373.28410339355469,119.57883095741272,238.47335815429687,41.372321217043975,36.324551135635012,32.477143319663952,1.1438784851949182,1.107457557049387,1.0393697509854396,1,0.94225280439971171,0.96905556891231459
80,0.040000000000000001,1.5,0,0.25,0.035000000000000003,359.68620300292969,116.50576376914978,238.47335815429687,40.914304136169832,35.998089998108682,32.38927296471352,1.1312150457442962,1.0975044580424238,1.0365576259150509,1,0.94774675886713655,0.97126588541857783
81,0.040000000000000001,1.5,0,0.25,0.040000000000000001,346.90940463542938,113.70452475547791,238.47335815429687,40.472763720356248,35.68932765752028,32.301402609763095,1.1190071597196392,1.0880909573458815,1.0337455008446625,1,0.9528924147829978,0.97347620192484108
82,0.040000000000000001,1.5,0,0.25,0.044999999999999998,334.88543677330017,111.12744331359863,238.47335815429687,40.046717051154822,35.395688853165694,32.213532254812662,1.1072276509985355,1.0791385407912717,1.0309333757742738,1,0.9577493611965846,0.97568651843110432
83,0.040000000000000001,1.5,0,0.25,0.050000000000000003,323.55315732955933,108.73914909362793,238.47335815429687,39.635262008154477,35.115215704899761,32.125661899862237,1.0958515773950281,1.0705875168175212,1.0281212507038853,1,0.96236164534384105,0.97789683493736745
84,0.040000000000000001,1.5,0,0.25,0.059999999999999998,302.74966025352478,104.42624664306641,238.47335815429687,38.852873080075774,34.587919557318287,31.94992118996138,1.0742197753699765,1.0545113896477276,1.0224970005631082,0.99999999999999978,0.97097977678567171,0.98231746794989405
85,0.040000000000000001,1.5,0,0.25,0.069999999999999993,284.12200921773911,100.60924905538559,238.47335815429687,38.1197024006416,34.098294533693213,31.774180480060526,1.053948779169865,1.0395837741485199,1.0168727504223312,1,0.97894116621339033,0.98673810096242054
86,0.040000000000000001,1.5,0,0.25,0.080000000000000002,267.3621997833252,97.184235095977783,238.47335815429687,37.430708001868766,33.640001955916944,31.598439770159668,1.0348991864471977,1.0256114176367261,1.0112485002815541,1,0.98637491070111927,0.99115873397494703
87,0.040000000000000001,1.5,0,0.25,0.089999999999999997,252.21632385253906,94.078119516372681,238.47335815429687,36.781547639740054,33.208400028967077,31.422699060258815,1.016950941102567,1.0124528017503815,1.0056242501407771,1,0.99337211307275031,0.99557936698747351
88,0.040000000000000001,1.5,0,0.25,0.10000000000000001,238.47335815429687,91.237235903739929,238.47335815429687,36.168458234437452,32.799948769517606,31.246958350357957,1,1,1,1,1,1
89,0.040000000000000001,1.5,0,0.25,0.11,225.95657157897949,88.620834589004517,238.47335815429687,35.58815982110913,32.411862941459646,31.0712176404571,0.9839556773593463,0.98816809651792425,0.99437574985922283,1,1.0063099137107625,1.0044206330125265
90,0.040000000000000001,1.5,0,0.25,0.12,214.51700973510742,86.197168350219727,238.47335815429687,35.037778322755585,32.041898513400525,30.895476930556246,0.9687385095501444,0.97688867560605552,0.98875149971844589,1,1.012342150097189,1.008841266025053
91,0.040000000000000001,1.5,1,0.25,0,477.15441131591797,477.15441131591797,238.47335433959961,44.534412178838949,44.534412178838949,33.004365449366517,1.2313052408862686,1.3577585895569044,1.0562425014077708,2.9969681910975122e-51,0.83019151396905233,0.95579366987473513
92,0.040000000000000001,1.5,1,0.25,0.001,472.92620897293091,472.92620897293091,238.47335433959961,44.415653433163442,44.415653433163442,32.986791378376431,1.2280217515844649,1.354137890436,1.0556800763936929,3.000972168982902e-51,0.83130065769384864,0.95604824069656225
93,0.040000000000000001,1.5,1,0.25,0.002,468.76131439208984,468.76132202148437,238.47335433959961,44.297943797675075,44.297943797675067,32.969217307386344,1.2247672685007405,1.3505491764317339,1.0551176513796152,3.0049566540322529e-51,0.83240440169931851,0.9563030150377666
94,0.040000000000000001,1.5,1,0.25,0.0030000000000000001,464.65837097167969,464.65838623046875,238.47335433959961,44.181267613915566,44.181267613915558,32.951643236396258,1.2215413587037778,1.3469919701513406,1.0545552263655376,3.0089218605961866e-51,0.83350280536282451,0.95655799316966905
95,0.040000000000000001,1.5,1,0.25,0.0040000000000000001,460.61613464355469,460.61613464355469,238.47335433959961,44.06560955135506,44.06560955135506,32.934069165406171,1.2183435983289552,1.3434658041998868,1.0539928013514597,3.0128679993707698e-51,0.83459592704937913,0.95681317536409716
96,0.040000000000000001,1.5,1,0.25,0.0050000000000000001,456.63330078125,456.63330078125,238.47335433959961,43.950954598575244,43.950954598575244,32.916495094416092,1.2151735723345753,1.339970220911465,1.0534303763373822,3.0167952774816744e-51,0.83568382413495856,0.95706856189338607
97,0.040000000000000001,1.5,1,0.25,0.0060000000000000001,452.70864868164062,452.70864868164062,238.47335433959961,43.837288054741279,43.837288054741279,32.898921023426006,1.2120308742660759,1.3365047720891914,1.0528679513233046,3.0207038985659027e-51,0.83676655302914094,0.95732415303038076
98,0.040000000000000001,1.5,1,0.25,0.0070000000000000001,448.84100341796875,448.84100341796875,238.47335433959961,43.724595521351446,43.724595521351446,32.881346952435919,1.2089151060279226,1.3330690187536689,1.0523055263092267,3.02459406285116e-51,0.83784416919709348,0.9575799490484358
99,0.040000000000000001,1.5,1,0.25,0.0080000000000000002,445.02920722961426,445.02920722961426,238.47335433959961,43.61286289425383,43.61286289425383,32.863772881445833,1.2058258776628819,1.3296625308995949,1.051743101295149,3.0284659672329617e-51,0.8389167271809318,0.95783595022141765
100,0.040000000000000001,1.5,1,0.25,0.0090000000000000011,441.27212512493134,441.27212524414062,238.47335433959961,43.502076355919833,43.502076355919826,32.846198810455746,1.2027628071383962,1.3262848872601949,1.0511806762810714,3.0323198053495477e-51,0.8399842806204727,0.95809215682370552
101,0.040000000000000001,1.5,1,0.25,0.01,437.56863021850586,437.56863021850586,238.47335433959961,43.392222367964948,43.392222367964948,32.82862473946566,1.1997255201397956,1.3229356750791998,1.0506182512669935,3.0361557676546777e-51,0.84104688227339763,0.95834856913019251
102,0.040000000000000001,1.5,1,0.25,0.010999999999999999,433.91766738891602,433.91766357421875,238.47335433959961,43.283287663907245,43.283287663907238,32.811050668475573,1.1967136498700814,1.319614489890065,1.0500558262529158,3.0399740414883851e-51,0.84210458403485444,0.95860518741628697
103,0.040000000000000001,1.5,1,0.25,0.012,430.31819152832031,430.31819152832031,238.47335433959961,43.17525924215488,43.17525924215488,32.793476597485487,1.1937268368560419,1.3163209353021763,1.0494934012388382,3.0437748111457514e-51,0.84315743695650691,0.9588620119579141
104,0.040000000000000001,1.5,1,0.25,0.013000000000000001,426.76919364929199,426.76919364929199,238.47335433959961,43.068124359213968,43.068124359213968,32.775902526495408,1.1907647287604608,1.3130546227937714,1.0489309762247607,3.0475582579437768e-51,0.84420549126505939,0.95911904303151652
105,0.040000000000000001,1.5,1,0.25,0.014,423.26965379714966,423.2696533203125,238.47335433959961,42.961870523108715,42.961870523108708,32.758328455505321,1.1878269802001951,1.3098151715113351,1.0483685512106828,3.0513245602864043e-51,0.84524879638026851,0.95937628091405602
106,0.040000000000000001,1.5,1,0.25,0.014999999999999999,419.81863591074944,419.81863403320312,238.47335433959961,42.856485487006019,42.856485487006005,32.740754384515235,1.1849132525699042,1.3066022080752262,1.0478061261966052,3.0550738937277495e-51,0.84628740093245947,0.95963372588301432
107,0.040000000000000001,1.5,1,0.25,0.02,403.25885015726089,403.25885009765625,238.47335433959961,42.342180064575373,42.342180064575366,32.652884029564802,1.1706935305376016,1.2909221402176629,1.0449940011262164,3.0735719799340562e-51,0.85141156415806907,0.96092406677253528
108,0.040000000000000001,1.5,1,0.25,0.025000000000000001,387.77965950965881,387.77965927124023,238.47335433959961,41.847888277852817,41.84788827785281,32.565013674614377,1.1570271535104515,1.2758522451334997,1.0421818760558281,3.0916706411696499e-51,0.85642508249190508,0.96221962674617845
109,0.040000000000000001,1.5,1,0.25,0.029999999999999999,373.28410340100527,373.28410339355469,238.47335433959961,41.372321217043982,41.372321217043975,32.477143319663952,1.1438784851949184,1.2613532267310441,1.0393697509854396,3.1093889561128106e-51,0.86133324092726571,0.96352044108208335
110,0.040000000000000001,1.5,1,0.25,0.035000000000000003,359.68618679046631,359.68618774414062,238.47335433959961,40.914304136169839,40.914304136169832,32.38927296471352,1.1312150457442964,1.2473892695281659,1.0365576259150509,3.126744618754693e-51,0.866140940884643,0.96482654539313883
111,0.040000000000000001,1.5,1,0.25,0.040000000000000001,346.90940856933594,346.90940856933594,238.47335433959961,40.472763720356241,40.472763720356241,32.301402609763095,1.1190071597196389,1.2339276504592991,1.0337455008446625,3.1437540715135929e-51,0.87085273708576472,0.96613797563108006
112,0.040000000000000001,1.5,1,0.25,0.044999999999999998,334.88543701171875,334.88543701171875,238.47335433959961,40.046717051154822,40.046717051154822,32.213532254812662,1.1072276509985355,1.2209384024517729,1.0309333757742738,3.1604326225718978e-51,0.87547287005715735,0.9674547680906439
113,0.040000000000000001,1.5,1,0.25,0.050000000000000003,323.55315589904785,323.55315780639648,238.47335433959961,39.635262008154477,39.63526200815447,32.125661899862237,1.0958515773950281,1.2083940217915587,1.0281212507038853,3.1767945496419832e-51,0.88000529487438273,0.96877695941378728
114,0.040000000000000001,1.5,1,0.25,0.059999999999999998,302.74966406822205,302.74966430664062,238.47335433959961,38.852873080075774,38.852873080075767,31.94992118996138,1.0742197753699765,1.1845406635568712,1.0224970005631082,3.2086210324482624e-51,0.88882156326980366,0.97143768698050748
115,0.040000000000000001,1.5,1,0.25,0.069999999999999993,284.12200736999512,284.12200927734375,238.47335433959961,38.1197024006416,38.119702400641593,31.774180480060526,1.053948779169865,1.1621878640270273,1.0168727504223312,3.2393303865615988e-51,0.89732837534078069,0.97412045857568041
116,0.040000000000000001,1.5,1,0.25,0.080000000000000002,267.3621997833252,267.36221313476562,238.47335433959961,37.430708001868766,37.430708001868751,31.598439770159668,1.0348991864471977,1.1411819044258602,1.0112485002815541,3.2690079347354616e-51,0.90554936638183881,0.97682558028019606
117,0.040000000000000001,1.5,1,0.25,0.089999999999999997,252.21632385253906,252.21633911132813,238.47335433959961,36.781547639740054,36.78154763974004,31.422699060258815,1.016950941102567,1.1213903990582663,1.0056242501407771,3.2977292490178192e-51,0.91350547064016241,0.9795533641580807
118,0.040000000000000001,1.5,1,0.25,0.10000000000000001,238.47335433959961,238.47335815429687,238.47335433959961,36.168458234437459,36.168458234437452,31.246958350357957,1.0000000000000002,1.1026986197018194,1,3.3255616056272733e-51,0.92121532433149156,0.98230412840771242
119,0.040000000000000001,1.5,1,0.25,0.11,225.95657157897949,225.95657157897949,238.47335433959961,35.58815982110913,35.58815982110913,31.0712176404571,0.9839556773593463,1.0850065672719198,0.99437574985922283,3.3525651757770345e-51,0.9286955955108096,0.98507819751773551
120,0.040000000000000001,1.5,1,0.25,0.12,214.51701259613037,214.51701354980469,238.47335433959961,35.037778322755592,35.037778322755585,30.895476930556246,0.96873850955014462,1.068226617332942,0.98875149971844589,3.3787940082752904e-51,0.93596125626291582,0.98787590242784507
121,0.080000000000000002,0,0,0.25,0,177.2621842622757,177.2621842622757,120.19953560829163,33.088941083912829,33.088941083912829,30.192514090952823,1.1236058479864859,1.1236058479864859,1.0618041317553839,1.1236058479864859,1.1236058479864859,1.0618041317553839
122,0.080000000000000002,0,0,0.25,0.001,176.47383093833923,176.47383093833923,120.19953560829163,33.044724206875827,33.044724206875827,30.174940019962737,1.1221043692449184,1.1221043692449184,1.0611860904378301,1.1221043692449184,1.1221043692449184,1.0611860904378301
123,0.080000000000000002,0,0,0.25,0.002,175.69141006469727,175.69141006469727,120.19953560829163,33.000703674983377,33.000703674983377,30.15736594897265,1.120609557823169,1.120609557823169,1.060568049120276,1.120609557823169,1.120609557823169,1.0605680491202762
124,0.080000000000000002,0,0,0.25,0.0030000000000000001,174.91487883776426,174.91487883776426,120.19953560829163,32.956878010646868,32.956878010646868,30.139791877982567,1.119121363546552,1.119121363546552,1.0599500078027224,1.119121363546552,1.119121363546552,1.0599500078027224
125,0.080000000000000002,0,0,0.25,0.0040000000000000001,174.14415740966797,174.14415740966797,120.19953560829163,32.913245751927334,32.913245751927334,30.122217806992481,1.1176397367717996,1.1176397367717996,1.0593319664851686,1.1176397367717998,1.1176397367717998,1.0593319664851686
126,0.080000000000000002,0,0,0.25,0.0050000000000000001,173.37919425964355,173.37919425964355,120.19953560829163,32.869805452322105,32.869805452322105,30.104643736002394,1.1161646283798163,1.1161646283798163,1.0587139251676148,1.1161646283798161,1.1161646283798161,1.0587139251676148
127,0.080000000000000002,0,0,0.25,0.0060000000000000001,172.61991882324219,172.61991882324219,120.19953560829163,32.826555680554861,32.826555680554861,30.087069665012308,1.1146959897685498,1.1146959897685498,1.0580958838500607,1.11469598976855,1.11469598976855,1.0580958838500607
128,0.080000000000000002,0,0,0.25,0.0070000000000000001,171.86628723144531,171.86628723144531,120.19953560829163,32.783495020369308,32.783495020369308,30.069495594022225,1.1132337728459851,1.1132337728459851,1.0574778425325071,1.1132337728459849,1.1132337728459849,1.0574778425325069
129,0.080000000000000002,0,0,0.25,0.0080000000000000002,171.11823272705078,171.11823272705078,120.19953560829163,32.740622070326097,32.740622070326097,30.051921523032139,1.111777930023248,1.111777930023248,1.0568598012149533,1.1117779300232475,1.1117779300232475,1.0568598012149533
130,0.080000000000000002,0,0,0.25,0.0090000000000000011,170.37569805979729,170.37569805979729,120.19953560829163,32.697935443603299,32.697935443603299,30.034347452042052,1.1103284142078305,1.1103284142078305,1.0562417598973992,1.1103284142078305,1.1103284142078305,1.0562417598973992
131,0.080000000000000002,0,0,0.25,0.01,169.63861465454102,169.63861465454102,120.19953560829163,32.655433767800055,32.655433767800055,30.016773381051966,1.1088851787969225,1.1088851787969225,1.0556237185798454,1.1088851787969225,1.1088851787969225,1.0556237185798454
132,0.080000000000000002,0,0,0.25,0.010999999999999999,168.90694427490234,168.90694427490234,120.19953560829163,32.61311568474342,32.61311568474342,29.999199310061883,1.1074481776708534,1.1074481776708534,1.0550056772622918,1.1074481776708536,1.1074481776708536,1.0550056772622918
133,0.080000000000000002,0,0,0.25,0.012,168.18062210083008,168.18062210083008,120.19953560829163,32.570979850298457,32.570979850298457,29.981625239071796,1.1060173651866434,1.1060173651866434,1.0543876359447377,1.1060173651866434,1.1060173651866434,1.0543876359447377
134,0.080000000000000002,0,0,0.25,0.013000000000000001,167.45958709716797,167.45958709716797,120.19953560829163,32.529024934181351,32.529024934181351,29.96405116808171,1.104592696171657,1.104592696171657,1.0537695946271839,1.1045926961716568,1.1045926961716568,1.0537695946271839
135,0.080000000000000002,0,0,0.25,0.014,166.74379515647888,166.74379515647888,120.19953560829163,32.487249619775625,32.487249619775625,29.946477097091623,1.1031741259173624,1.1031741259173624,1.0531515533096301,1.1031741259173624,1.1031741259173624,1.0531515533096303
136,0.080000000000000002,0,0,0.25,0.014999999999999999,166.0331883430481,166.0331883430481,120.19953560829163,32.445652603951295,32.445652603951295,29.928903026101541,1.1017616101731904,1.1017616101731904,1.0525335119920762,1.1017616101731904,1.1017616101731904,1.0525335119920762
137,0.080000000000000002,0,0,0.25,0.02,162.55612564086914,162.55612564086914,120.19953560829163,32.24029731587823,32.24029731587823,29.841032671151112,1.0947883316385678,1.0947883316385678,1.0494433054043071,1.0947883316385676,1.0947883316385676,1.0494433054043071
138,0.080000000000000002,0,0,0.25,0.025000000000000001,159.20105364918709,159.20105364918709,120.19953560829163,32.03921147418972,32.03921147418972,29.753162316200683,1.0879600312981152,1.0879600312981152,1.0463530988165379,1.0879600312981152,1.0879600312981152,1.0463530988165377
139,0.080000000000000002,0,0,0.25,0.029999999999999999,155.96202659606934,155.96202659606934,120.19953560829163,31.842246343085723,31.842246343085723,29.665291961250254,1.0812716585092539,1.0812716585092539,1.0432628922287688,1.0812716585092539,1.0812716585092539,1.0432628922287688
140,0.080000000000000002,0,0,0.25,0.035000000000000003,152.83345127105713,152.83345127105713,120.19953560829163,31.64926039851068,31.64926039851068,29.577421606299826,1.0747184075196314,1.0747184075196314,1.0401726856409994,1.0747184075196312,1.0747184075196312,1.0401726856409994
141,0.080000000000000002,0,0,0.25,0.040000000000000001,149.81008911132812,149.81008911132812,120.19953560829163,31.460118882783675,31.460118882783675,29.4895512513494,1.0682957023436348,1.0682957023436348,1.0370824790532305,1.0682957023436348,1.0682957023436348,1.0370824790532305
142,0.080000000000000002,0,0,0.25,0.044999999999999998,146.88700859248638,146.88700859248638,120.19953560829163,31.274693392480128,31.274693392480128,29.401680896398972,1.061999182768032,1.061999182768032,1.0339922724654611,1.061999182768032,1.061999182768032,1.0339922724654611
143,0.080000000000000002,0,0,0.25,0.050000000000000003,144.05959270894527,144.05959270894527,120.19953560829163,31.092861496665165,31.092861496665165,29.313810541448543,1.0558246913882674,1.0558246913882674,1.030902065877692,1.0558246913882672,1.0558246913882672,1.030902065877692
144,0.080000000000000002,0,0,0.25,0.059999999999999998,138.67451429367065,138.67451429367065,120.19953560829163,30.739516528433381,30.739516528433381,29.138069831547686,1.0438261063729597,1.0438261063729597,1.0247216527021534,1.0438261063729597,1.0438261063729597,1.0247216527021534
145,0.080000000000000002,0,0,0.25,0.069999999999999993,133.62290966510773,133.62290966510773,120.19953560829163,30.399211145180306,30.399211145180306,28.962329121646832,1.0322703083873199,1.0322703083873199,1.0185412395266151,1.0322703083873197,1.0322703083873197,1.0185412395266151
146,0.080000000000000002,0,0,0.25,0.080000000000000002,128.87634992599487,128.87634992599487,120.19953560829163,30.071147877019232,30.071147877019232,28.786588411745974,1.0211302176337189,1.0211302176337189,1.0123608263510768,1.0211302176337189,1.0211302176337189,1.0123608263510768
147,0.080000000000000002,0,0,0.25,0.089999999999999997,124.40946394205093,124.40946394205093,120.19953560829163,29.75459641834966,29.75459641834966,28.61084770184512,1.010381035021686,1.010381035021686,1.0061804131755385,1.010381035021686,1.010381035021686,1.0061804131755383
148,0.080000000000000002,0,0,0.25,0.10000000000000001,120.19953560829163,120.19953560829163,120.19953560829163,29.448886496282103,29.448886496282103,28.435106991944263,1,1,1,1,1,1
149,0.080000000000000002,0,0,0.25,0.11,116.22618485987186,116.22618485987186,120.19953560829163,29.153401645579532,29.153401645579532,28.259366282043406,0.98996617917149854,0.98996617917149854,0.99381958682446159,0.98996617917149854,0.98996617917149854,0.99381958682446159
150,0.080000000000000002,0,0,0.25,0.12,112.4710693359375,112.4710693359375,120.19953560829163,28.867573756777631,28.867573756777631,28.083625572142552,0.98026028116282549,0.98026028116282549,0.98763917364892329,0.9802602811628256,0.9802602811628256,0.98763917364892329
151,0.080000000000000002,0,1,0.25,0,177.2621842622757,177.2621842622757,120.19953534007072,33.088941083912829,33.088941083912829,30.192514090952823,1.1236058479864859,1.1236058479864859,1.0618041317553839,1.1236058479864859,1.1236058479864859,1.0618041317553839
152,0.080000000000000002,0,1,0.25,0.001,176.47382545471191,176.47382545471191,120.19953534007072,33.044724206875827,33.044724206875827,30.174940019962737,1.1221043692449184,1.1221043692449184,1.0611860904378301,1.1221043692449184,1.1221043692449184,1.0611860904378301
153,0.080000000000000002,0,1,0.25,0.002,175.69140815734863,175.69140815734863,120.19953534007072,33.000703674983384,33.000703674983384,30.15736594897265,1.1206095578231692,1.1206095578231692,1.060568049120276,1.120609557823169,1.120609557823169,1.060568049120276
154,0.080000000000000002,0,1,0.25,0.0030000000000000001,174.91487884521484,174.91487884521484,120.19953534007072,32.956878010646868,32.956878010646868,30.139791877982567,1.119121363546552,1.119121363546552,1.0599500078027224,1.1191213635465518,1.1191213635465518,1.0599500078027222
155,0.080000000000000002,0,1,0.25,0.0040000000000000001,174.14415740966797,174.14415740966797,120.19953534007072,32.913245751927334,32.913245751927334,30.122217806992481,1.1176397367717996,1.1176397367717996,1.0593319664851686,1.1176397367717994,1.1176397367717994,1.0593319664851686
156,0.080000000000000002,0,1,0.25,0.0050000000000000001,173.37919427454472,173.37919427454472,120.19953534007072,32.869805452322112,32.869805452322112,30.104643736002394,1.1161646283798166,1.1161646283798166,1.0587139251676148,1.1161646283798163,1.1161646283798163,1.0587139251676148
157,0.080000000000000002,0,1,0.25,0.0060000000000000001,172.6199264600873,172.6199264600873,120.19953534007072,32.826555680554875,32.826555680554875,30.087069665012308,1.1146959897685504,1.1146959897685504,1.0580958838500607,1.1146959897685502,1.1146959897685502,1.0580958838500607
158,0.080000000000000002,0,1,0.25,0.0070000000000000001,171.86628723144531,171.86628723144531,120.19953534007072,32.783495020369308,32.783495020369308,30.069495594022225,1.1132337728459851,1.1132337728459851,1.0574778425325071,1.1132337728459849,1.1132337728459849,1.0574778425325071
159,0.080000000000000002,0,1,0.25,0.0080000000000000002,171.11823272705078,171.11823272705078,120.19953534007072,32.740622070326097,32.740622070326097,30.051921523032139,1.111777930023248,1.111777930023248,1.0568598012149533,1.1117779300232478,1.1117779300232478,1.056859801214953
160,0.080000000000000002,0,1,0.25,0.0090000000000000011,170.37569785118103,170.37569785118103,120.19953534007072,32.697935443603306,32.697935443603306,30.034347452042052,1.1103284142078307,1.1103284142078307,1.0562417598973992,1.1103284142078302,1.1103284142078302,1.0562417598973992
161,0.080000000000000002,0,1,0.25,0.01,169.63861846923828,169.63861846923828,120.19953534007072,32.655433767800055,32.655433767800055,30.016773381051966,1.1088851787969225,1.1088851787969225,1.0556237185798454,1.1088851787969223,1.1088851787969223,1.0556237185798454
162,0.080000000000000002,0,1,0.25,0.010999999999999999,168.90694426000118,168.90694426000118,120.19953534007072,32.613115684743427,32.613115684743427,29.999199310061883,1.1074481776708538,1.1074481776708538,1.0550056772622918,1.1074481776708536,1.1074481776708536,1.0550056772622918
163,0.080000000000000002,0,1,0.25,0.012,168.18062210083008,168.18062210083008,120.19953534007072,32.570979850298457,32.570979850298457,29.981625239071796,1.1060173651866434,1.1060173651866434,1.0543876359447377,1.1060173651866434,1.1060173651866434,1.0543876359447377
164,0.080000000000000002,0,1,0.25,0.013000000000000001,167.45958709716797,167.45958709716797,120.19953534007072,32.529024934181351,32.529024934181351,29.96405116808171,1.104592696171657,1.104592696171657,1.0537695946271839,1.1045926961716568,1.1045926961716568,1.0537695946271839
165,0.080000000000000002,0,1,0.25,0.014,166.74379730224609,166.74379730224609,120.19953534007072,32.487249619775625,32.487249619775625,29.946477097091623,1.1031741259173624,1.1031741259173624,1.0531515533096301,1.1031741259173622,1.1031741259173622,1.0531515533096301
166,0.080000000000000002,0,1,0.25,0.014999999999999999,166.0331883430481,166.0331883430481,120.19953534007072,32.445652603951295,32.445652603951295,29.928903026101541,1.1017616101731904,1.1017616101731904,1.0525335119920762,1.1017616101731904,1.1017616101731904,1.0525335119920762
167,0.080000000000000002,0,1,0.25,0.02,162.55611795186996,162.55611795186996,120.19953534007072,32.24029731587823,32.24029731587823,29.841032671151112,1.0947883316385678,1.0947883316385678,1.0494433054043071,1.0947883316385676,1.0947883316385676,1.0494433054043071
168,0.080000000000000002,0,1,0.25,0.025000000000000001,159.20105385780334,159.20105385780334,120.19953534007072,32.039211474189727,32.039211474189727,29.753162316200683,1.0879600312981155,1.0879600312981155,1.0463530988165379,1.0879600312981152,1.0879600312981152,1.0463530988165379
169,0.080000000000000002,0,1,0.25,0.029999999999999999,155.96201932430267,155.96201932430267,120.19953534007072,31.842246343085726,31.842246343085726,29.665291961250254,1.0812716585092541,1.0812716585092541,1.0432628922287688,1.0812716585092539,1.0812716585092539,1.0432628922287688
170,0.080000000000000002,0,1,0.25,0.035000000000000003,152.83344984054565,152.83344984054565,120.19953534007072,31.649260398510684,31.649260398510684,29.577421606299826,1.0747184075196317,1.0747184075196317,1.0401726856409994,1.0747184075196314,1.0747184075196314,1.0401726856409994
171,0.080000000000000002,0,1,0.25,0.040000000000000001,149.81008911132812,149.81008911132812,120.19953534007072,31.460118882783675,31.460118882783675,29.4895512513494,1.0682957023436348,1.0682957023436348,1.0370824790532305,1.0682957023436348,1.0682957023436348,1.0370824790532305
172,0.080000000000000002,0,1,0.25,0.044999999999999998,146.8870153427124,146.8870153427124,120.19953534007072,31.274693392480128,31.274693392480128,29.401680896398972,1.061999182768032,1.061999182768032,1.0339922724654611,1.0619991827680317,1.0619991827680317,1.0339922724654611
173,0.080000000000000002,0,1,0.25,0.050000000000000003,144.05959260463715,144.05959260463715,120.19953534007072,31.092861496665165,31.092861496665165,29.313810541448543,1.0558246913882674,1.0558246913882674,1.030902065877692,1.0558246913882672,1.0558246913882672,1.030902065877692
174,0.080000000000000002,0,1,0.25,0.059999999999999998,138.67450714111328,138.67450714111328,120.19953534007072,30.739516528433377,30.739516528433377,29.138069831547686,1.0438261063729597,1.0438261063729597,1.0247216527021534,1.0438261063729595,1.0438261063729595,1.0247216527021534
175,0.080000000000000002,0,1,0.25,0.069999999999999993,133.62290966510773,133.62290966510773,120.19953534007072,30.399211145180306,30.399211145180306,28.962329121646832,1.0322703083873199,1.0322703083873199,1.0185412395266151,1.0322703083873199,1.0322703083873199,1.0185412395266153
176,0.080000000000000002,0,1,0.25,0.080000000000000002,128.8763465732336,128.8763465732336,120.19953534007072,30.071147877019232,30.071147877019232,28.786588411745974,1.0211302176337189,1.0211302176337189,1.0123608263510768,1.0211302176337189,1.0211302176337189,1.0123608263510768
177,0.080000000000000002,0,1,0.25,0.089999999999999997,124.40946388244629,124.40946388244629,120.19953534007072,29.75459641834966,29.75459641834966,28.61084770184512,1.010381035021686,1.010381035021686,1.0061804131755385,1.010381035021686,1.010381035021686,1.0061804131755385
178,0.080000000000000002,0,1,0.25,0.10000000000000001,120.19953534007072,120.19953534007072,120.19953534007072,29.448886496282107,29.448886496282107,28.435106991944263,1.0000000000000002,1.0000000000000002,1,1,1,1
179,0.080000000000000002,0,1,0.25,0.11,116.22618485987186,116.22618485987186,120.19953534007072,29.153401645579532,29.153401645579532,28.259366282043406,0.98996617917149854,0.98996617917149854,0.99381958682446159,0.98996617917149843,0.98996617917149843,0.99381958682446159
180,0.080000000000000002,0,1,0.25,0.12,112.47106981277466,112.47106981277466,120.19953534007072,28.867573756777634,28.867573756777634,28.083625572142552,0.98026028116282571,0.98026028116282571,0.98763917364892329,0.98026028116282571,0.98026028116282571,0.98763917364892329
181,0.080000000000000002,1.5,0,0.25,0,177.2621842622757,177.2621842622757,120.19953560829163,33.088941083912829,33.088941083912829,30.192514090952823,1.1236058479864859,1.1636650811015765,1.0618041317553839,0.78139406584289373,0.90570266891877194,0.94815085980395308
182,0.080000000000000002,1.5,0,0.25,0.001,176.47383093833923,124.13020610809326,120.19953560829163,33.044724206875827,32.516470987942981,30.174940019962737,1.1221043692449184,1.1435325703945822,1.0611860904378301,2.2474060600342583e+50,0.91652450975995137,0.94866935120591356
183,0.080000000000000002,1.5,0,0.25,0.002,175.69141006469727,120.84200870990753,120.19953560829163,33.000703674983377,32.409389889502556,30.15736594897265,1.120609557823169,1.139766764327077,1.060568049120276,2.2474060600342583e+50,0.91940038330167695,0.94918784260787403
184,0.080000000000000002,1.5,0,0.25,0.0030000000000000001,174.91487883776426,118.32219886779785,120.19953560829163,32.956878010646868,32.317112625276209,30.139791877982567,1.119121363546552,1.1365215764594003,1.0599500078027224,2.2474060600342583e+50,0.92175155923131347,0.94970633400983451
185,0.080000000000000002,1.5,0,0.25,0.0040000000000000001,174.14415740966797,116.22263146936893,120.19953560829163,32.913245751927334,32.233301375427693,30.122217806992481,1.1176397367717996,1.133574119645812,1.0593319664851686,2.2474060600342583e+50,0.92381352410491313,0.95022482541179487
186,0.080000000000000002,1.5,0,0.25,0.0050000000000000001,173.37919425964355,114.39924037456512,120.19953560829163,32.869805452322105,32.155291480251584,30.104643736002394,1.1161646283798163,1.130830683681312,1.0587139251676148,2.2474060600342583e+50,0.92568287538306959,0.95074331681375557
187,0.080000000000000002,1.5,0,0.25,0.0060000000000000001,172.61991882324219,112.77525472640991,120.19953560829163,32.826555680554861,32.081636890821692,30.087069665012308,1.1146959897685498,1.12824041421439,1.0580958838500607,2.2474060600342583e+50,0.92741107306049142,0.95126180821571593
188,0.080000000000000002,1.5,0,0.25,0.0070000000000000001,171.86628723144531,111.30387830734253,120.19953560829163,32.783495020369308,32.011439218195164,30.069495594022225,1.1132337728459851,1.1257717168873,1.0574778425325071,2.2474060600342583e+50,0.92902958311910566,0.95178029961767641
189,0.080000000000000002,1.5,0,0.25,0.0080000000000000002,171.11823272705078,109.95406341552734,120.19953560829163,32.740622070326097,31.944090968483497,30.051921523032139,1.111777930023248,1.123403227479796,1.0568598012149533,2.2474060600342583e+50,0.93055939424791934,0.95229879101963677
190,0.080000000000000002,1.5,0,0.25,0.0090000000000000011,170.37569805979729,108.70395565032959,120.19953560829163,32.697935443603299,31.879156420667485,30.034347452042052,1.1103284142078305,1.1211196226446036,1.0562417598973992,2.2474060600342583e+50,0.93201537715643812,0.95281728242159736
191,0.080000000000000002,1.5,0,0.25,0.01,169.63861465454102,107.53748321533203,120.19953560829163,32.655433767800055,31.816309184549741,30.016773381051966,1.1088851787969225,1.1189094239583266,1.0556237185798454,2.2474060600342583e+50,0.93340854694058428,0.95333577382355772
192,0.080000000000000002,1.5,0,0.25,0.010999999999999999,168.90694427490234,106.44240951538086,120.19953560829163,32.61311568474342,31.755296118826642,29.999199310061883,1.1074481776708534,1.1167637289996128,1.0550056772622918,2.2474060600342583e+50,0.93474734654587521,0.95385426522551819
193,0.080000000000000002,1.5,0,0.25,0.012,168.18062210083008,105.40917395800352,120.19953560829163,32.570979850298457,31.69591593465281,29.981625239071796,1.1060173651866434,1.1146754588837082,1.0543876359447377,2.2474060600342583e+50,0.9360384254320917,0.95437275662747867
194,0.080000000000000002,1.5,0,0.25,0.013000000000000001,167.45958709716797,104.43014860153198,120.19953560829163,32.529024934181351,31.638005348426343,29.96405116808171,1.104592696171657,1.1126388712864512,1.0537695946271839,2.2474060600342583e+50,0.93728713747462944,0.95489124802943914
195,0.080000000000000002,1.5,0,0.25,0.014,166.74379515647888,103.49911117553711,120.19953560829163,32.487249619775625,31.58142873979692,29.946477097091623,1.1031741259173624,1.1106491967392287,1.0531515533096301,2.2474060600342583e+50,0.93849787311280852,0.95540973943139962
196,0.080000000000000002,1.5,0,0.25,0.014999999999999999,166.0331883430481,102.61093139648437,120.19953560829163,32.445652603951295,31.526072559591842,29.928903026101541,1.1017616101731904,1.1087024419680664,1.0525335119920762,2.2474060600342583e+50,0.93967428879638915,0.9559282308333602
197,0.080000000000000002,1.5,0,0.25,0.02,162.55612564086914,98.682743072509766,120.19953560829163,32.24029731587823,31.264630281907198,29.841032671151112,1.0947883316385678,1.0995080936662045,1.0494433054043071,2.2474060600342583e+50,0.94513547433082434,0.95852068784316236
198,0.080000000000000002,1.5,0,0.25,0.025000000000000001,159.20105364918709,95.384531021118164,120.19953560829163,32.03921147418972,31.023420721342468,29.753162316200683,1.0879600312981152,1.0910252854027058,1.0463530988165379,2.2474060600342583e+50,0.95006053229547116,0.96111314485296484
199,0.080000000000000002,1.5,0,0.25,0.029999999999999999,155.96202659606934,92.527149170637131,120.19953560829163,31.842246343085723,30.797708281550356,29.665291961250254,1.0812716585092539,1.0830874766982739,1.0432628922287688,2.2474060600342583e+50,0.95459245694542005,0.9637056018627671
200,0.080000000000000002,1.5,0,0.25,0.035000000000000003,152.83345127105713,89.998659133911133,120.19953560829163,31.64926039851068,30.584499423375931,29.577421606299826,1.0747184075196314,1.0755893913830039,1.0401726856409994,2.2474060600342583e+50,0.95881872481864128,0.96629805887256948
201,0.080000000000000002,1.5,0,0.25,0.040000000000000001,149.81008911132812,87.726579666137695,120.19953560829163,31.460118882783675,30.381737125590416,29.4895512513494,1.0682957023436348,1.0684586885569882,1.0370824790532305,2.2474060600342583e+50,0.9627977228686514,0.96889051588237174
202,0.080000000000000002,1.5,0,0.25,0.044999999999999998,146.88700859248638,85.660924792289734,120.19953560829163,31.274693392480128,30.187923498870671,29.401680896398972,1.061999182768032,1.0616426907562888,1.0339922724654611,2.2474060600342583e+50,0.96657084774407676,0.97148297289217411
203,0.080000000000000002,1.5,0,0.25,0.050000000000000003,144.05959270894527,83.765579223632813,120.19953560829163,31.092861496665165,30.001920595987105,29.313810541448543,1.0558246913882674,1.0551013788865546,1.030902065877692,2.2474060600342583e+50,0.97016878417064256,0.9740754299019766
204,0.080000000000000002,1.5,0,0.25,0.059999999999999998,138.67451429367065,80.383857250213623,120.19953560829163,30.739516528433381,29.64995059209247,29.138069831547686,1.0438261063729597,1.0427233701104897,1.0247216527021534,2.2474060600342579e+50,0.97692824362363195,0.97926034392158112
205,0.080000000000000002,1.5,0,0.25,0.069999999999999993,133.62290966510773,77.4293212890625,120.19953560829163,30.399211145180306,29.320513671172971,28.962329121646832,1.0322703083873199,1.0311378001665177,1.0185412395266151,2.2474060600342583e+50,0.9832123613607906,0.98444525794118609
206,0.080000000000000002,1.5,0,0.25,0.080000000000000002,128.87634992599487,74.804489150643349,120.19953560829163,30.071147877019232,29.009923726894431,28.786588411745974,1.0211302176337189,1.0202150368244796,1.0123608263510768,1.2723385791429924,0.98911212349223054,0.98963017196079073
207,0.080000000000000002,1.5,0,0.25,0.089999999999999997,124.40946394205093,72.442737221717834,120.19953560829163,29.75459641834966,28.715477167730683,28.61084770184512,1.010381035021686,1.0098600007331024,1.0061804131755385,1.0526685491418599,0.99469205720052412,0.99481508598039536
208,0.080000000000000002,1.5,0,0.25,0.10000000000000001,120.19953560829163,70.296283960342407,120.19953560829163,29.448886496282103,28.435106991944263,28.435106991944263,1,1,1,1,1,1
209,0.080000000000000002,1.5,0,0.25,0.11,116.22618485987186,68.329606056213379,120.19953560829163,29.153401645579532,28.167184144537099,28.259366282043406,0.98996617917149854,0.99057774435372914,0.99381958682446159,0.97580303489672204,1.0050726455098962,1.0051849140196045
210,0.080000000000000002,1.5,0,0.25,0.12,112.4710693359375,66.515499114990234,120.19953560829163,28.867573756777631,27.91039218082749,28.083625572142552,0.98026028116282549,0.98154693733821974,0.98763917364892329,0.96220806724644092,1.0099389104311423,1.0103698280392093
211,0.080000000000000002,1.5,1,0.25,0,177.2621842622757,177.2621842622757,120.19953534007072,33.088941083912829,33.088941083912829,30.192514090952823,1.1236058479864859,1.1636650811015765,1.0618041317553839,0.78139406584289373,0.90570266891877194,0.94815085980395308
212,0.080000000000000002,1.5,1,0.25,0.001,176.47382545471191,176.47382354736328,120.19953534007072,33.044724206875827,33.04472420687582,30.174940019962737,1.1221043692449184,1.1621100710553849,1.0611860904378301,0.78191667960112943,0.90630842303994896,0.94842692406580609
213,0.080000000000000002,1.5,1,0.25,0.002,175.69140815734863,175.69140815734863,120.19953534007072,33.000703674983384,33.000703674983384,30.15736594897265,1.1206095578231692,1.1605619660348936,1.060568049120276,0.78243801571486893,0.9069126962616918,0.94870322960534936
214,0.080000000000000002,1.5,1,0.25,0.0030000000000000001,174.91487884521484,174.91487884521484,120.19953534007072,32.956878010646868,32.956878010646868,30.139791877982567,1.119121363546552,1.1590207140765685,1.0599500078027224,0.78295808126092625,0.90751549678663412,0.94897977677424539
215,0.080000000000000002,1.5,1,0.25,0.0040000000000000001,174.14415740966797,174.14415740966797,120.19953534007072,32.913245751927334,32.913245751927334,30.122217806992481,1.1176397367717996,1.1574862637672416,1.0593319664851686,0.78347688325515541,0.90811683274675159,0.94925656592487462
216,0.080000000000000002,1.5,1,0.25,0.0050000000000000001,173.37919427454472,173.37919427454472,120.19953534007072,32.869805452322112,32.869805452322112,30.104643736002394,1.1161646283798166,1.1559585642366041,1.0587139251676148,0.78399442865316116,0.90871671220418604,0.94953359741033749
217,0.080000000000000002,1.5,1,0.25,0.0060000000000000001,172.6199264600873,172.61991882324219,120.19953534007072,32.826555680554875,32.826555680554861,30.087069665012308,1.1146959897685504,1.1544375651498238,1.0580958838500607,0.78451072435100111,0.90931514315205952,0.94981087158445621
218,0.080000000000000002,1.5,1,0.25,0.0070000000000000001,171.86628723144531,171.86628723144531,120.19953534007072,32.783495020369308,32.783495020369308,30.069495594022225,1.1132337728459851,1.1529232167002907,1.0574778425325071,0.78502577718587552,0.90991213351527234,0.95008838880177604
219,0.080000000000000002,1.5,1,0.25,0.0080000000000000002,171.11823272705078,171.11823272705078,120.19953534007072,32.740622070326097,32.740622070326097,30.051921523032139,1.111777930023248,1.1514154696024741,1.0568598012149533,0.78553959393680839,0.91050769115129437,0.95036614941756892
220,0.080000000000000002,1.5,1,0.25,0.0090000000000000011,170.37569785118103,170.37569785118103,120.19953534007072,32.697935443603306,32.697935443603306,30.034347452042052,1.1103284142078307,1.1499142750849052,1.0562417598973992,0.78605218132531773,0.91110182385094085,0.95064415378783318
221,0.080000000000000002,1.5,1,0.25,0.01,169.63861846923828,169.63861846923828,120.19953534007072,32.655433767800055,32.655433767800055,30.016773381051966,1.1088851787969225,1.1484195848832719,1.0556237185798454,0.78656354601607692,0.91169453933913924,0.95092240226929747
222,0.080000000000000002,1.5,1,0.25,0.010999999999999999,168.90694426000118,168.90694426000118,120.19953534007072,32.613115684743427,32.613115684743427,29.999199310061883,1.1074481776708538,1.1469313512336283,1.0550056772622918,0.78707369461756538,0.91228584527568346,0.95120089521942064
223,0.080000000000000002,1.5,1,0.25,0.012,168.18062210083008,168.18061828613281,120.19953534007072,32.570979850298457,32.57097985029845,29.981625239071796,1.1060173651866434,1.1454495268657119,1.0543876359447377,0.78758263368271164,0.91287574925597892,0.95147963299639604
224,0.080000000000000002,1.5,1,0.25,0.013000000000000001,167.45958709716797,167.45958709716797,120.19953534007072,32.529024934181351,32.529024934181351,29.96405116808171,1.104592696171657,1.1439740649963759,1.0537695946271839,0.78809036970952451,0.91346425881177462,0.95175861595915123
225,0.080000000000000002,1.5,1,0.25,0.014,166.74379730224609,166.74379730224609,120.19953534007072,32.487249619775625,32.487249619775625,29.946477097091623,1.1031741259173624,1.142504919323122,1.0531515533096301,0.78859690914171832,0.91405138141188769,0.95203784446735151
226,0.080000000000000002,1.5,1,0.25,0.014999999999999999,166.0331883430481,166.03318786621094,120.19953534007072,32.445652603951295,32.445652603951288,29.928903026101541,1.1017616101731904,1.1410420440177427,1.0525335119920762,0.78910225836932613,0.91463712446291356,0.9523173188814007
227,0.080000000000000002,1.5,1,0.25,0.02,162.55611795186996,162.55611795186996,120.19953534007072,32.24029731587823,32.24029731587823,29.841032671151112,1.0947883316385678,1.1338201514420885,1.0494433054043071,0.79161137140772853,0.91754540144483387,0.95371839220550891
228,0.080000000000000002,1.5,1,0.25,0.025000000000000001,159.20105385780334,159.20105385780334,120.19953534007072,32.039211474189727,32.039211474189727,29.753162316200683,1.0879600312981155,1.1267484058796233,1.0463530988165379,0.79409165800654713,0.92042026611354655,0.95512566766486229
229,0.080000000000000002,1.5,1,0.25,0.029999999999999999,155.96201932430267,155.9620189666748,120.19953534007072,31.842246343085726,31.842246343085719,29.665291961250254,1.0812716585092541,1.1198215766202921,1.0432628922287688,0.79654386001213795,0.92326257833253655,0.95653919115326602
230,0.080000000000000002,1.5,1,0.25,0.035000000000000003,152.83344984054565,152.83345031738281,120.19953534007072,31.649260398510684,31.64926039851068,29.577421606299826,1.0747184075196317,1.1130346865751901,1.0401726856409994,0.79896868991084602,0.92607316393452077,0.95795900904137554
231,0.080000000000000002,1.5,1,0.25,0.040000000000000001,149.81008911132812,149.81008911132812,120.19953534007072,31.460118882783675,31.460118882783675,29.4895512513494,1.0682957023436348,1.1063829966138832,1.0370824790532305,0.80136683238601725,0.92885281652615792,0.95938516818308617
232,0.080000000000000002,1.5,1,0.25,0.044999999999999998,146.8870153427124,146.88701629638672,120.19953534007072,31.274693392480128,31.274693392480124,29.401680896398972,1.061999182768032,1.0998619910711194,1.0339922724654611,0.80373894577206673,0.93160229917343829,0.96081771592202792
233,0.080000000000000002,1.5,1,0.25,0.050000000000000003,144.05959260463715,144.0595930814743,120.19953534007072,31.092861496665165,31.092861496665165,29.313810541448543,1.0558246913882674,1.0934673643209378,1.030902065877692,0.80608566341372168,0.93432234597716335,0.96225670009816566
234,0.080000000000000002,1.5,1,0.25,0.059999999999999998,138.67450714111328,138.67450714111328,120.19953534007072,30.739516528433377,30.739516528433377,29.138069831547686,1.0438261063729597,1.0810410010815841,1.0247216527021534,0.81070532744433998,0.93967693238232852,0.96515417164393669
235,0.080000000000000002,1.5,1,0.25,0.069999999999999993,133.62290966510773,133.62290966510773,120.19953534007072,30.399211145180306,30.399211145180306,28.962329121646832,1.0322703083873199,1.0690732112874581,1.0185412395266151,0.81523043780000648,0.94492192297725719,0.96807797572460852
236,0.080000000000000002,1.5,1,0.25,0.080000000000000002,128.8763465732336,128.87634992599487,120.19953534007072,30.071147877019232,30.071147877019232,28.786588411745974,1.0211302176337189,1.0575359496814436,1.0123608263510768,0.8196652814825387,0.95006228676434867,0.97102851362696729
237,0.080000000000000002,1.5,1,0.25,0.089999999999999997,124.40946388244629,124.40946197509766,120.19953534007072,29.75459641834966,29.754596418349657,28.61084770184512,1.010381035021686,1.0464035330262413,1.0061804131755385,0.82401384976649017,0.95510264997276628,0.97400619525172638
238,0.080000000000000002,1.5,1,0.25,0.10000000000000001,120.19953534007072,120.19953534007072,120.19953534007072,29.448886496282107,29.448886496282107,28.435106991944263,1.0000000000000002,1.0356523893025986,1,0.82827986525384067,0.96004732741714172,0.97701143935272849
239,0.080000000000000002,1.5,1,0.25,0.11,116.22618485987186,116.2261848449707,120.19953534007072,29.153401645579532,29.153401645579528,28.259366282043406,0.98996617917149854,1.0252608387877267,0.99381958682446159,0.83246680587343858,0.96490035031498478,0.98004467378431492
240,0.080000000000000002,1.5,1,0.25,0.12,112.47106981277466,112.47106921672821,120.19953534007072,28.867573756777634,28.867573756777638,28.083625572142552,0.98026028116282571,1.0152089023247177,0.98763917364892329,0.83657792623271621,0.96966549103515065,0.98310633575719875
241,0.12,0,0,0.25,0,99.324676036834717,99.324676036834717,75.796212196350098,27.810909164564833,27.810909164564833,27.380662732539129,1.0844833669840455,1.0844833669840455,1.0685864093206336,1.0844833669840452,1.0844833669840452,1.0685864093206336
242,0.12,0,0,0.25,0.001,99.029811382293701,99.029811382293701,75.796212196350098,27.786114884604771,27.786114884604771,27.363088661549043,1.0835165167435903,1.0835165167435903,1.0679005452274273,1.0835165167435901,1.0835165167435901,1.0679005452274273
243,0.12,0,0,0.25,0.002,98.736433029174805,98.736433029174805,75.796212196350098,27.761394134574527,27.761394134574527,27.345514590558956,1.0825525337947217,1.0825525337947217,1.0672146811342209,1.0825525337947217,1.0825525337947217,1.0672146811342209
244,0.12,0,0,0.25,0.0030000000000000001,98.44453239440918,98.44453239440918,75.796212196350098,27.736746544539304,27.736746544539304,27.327940519568873,1.081591403711873,1.081591403711873,1.0665288170410148,1.081591403711873,1.081591403711873,1.0665288170410148
245,0.12,0,0,0.25,0.0040000000000000001,98.154091358184814,98.154091358184814,75.796212196350098,27.712171747186414,27.712171747186414,27.310366448578787,1.0806331121717254,1.0806331121717254,1.0658429529478084,1.0806331121717254,1.0806331121717254,1.0658429529478084
246,0.12,0,0,0.25,0.0050000000000000001,97.865105628967285,97.865105628967285,75.796212196350098,27.687669377801299,27.687669377801299,27.2927923775887,1.0796776449522749,1.0796776449522749,1.065157088854602,1.0796776449522749,1.0796776449522749,1.065157088854602
247,0.12,0,0,0.25,0.0060000000000000001,97.57756233215332,97.57756233215332,75.796212196350098,27.663239074243869,27.663239074243869,27.275218306598614,1.0787249879319083,1.0787249879319083,1.0644712247613957,1.0787249879319081,1.0787249879319081,1.0644712247613957
248,0.12,0,0,0.25,0.0070000000000000001,97.291450500488281,97.291450500488281,75.796212196350098,27.638880476925063,27.638880476925063,27.257644235608531,1.0777751270884892,1.0777751270884892,1.0637853606681893,1.077775127088489,1.077775127088489,1.0637853606681893
249,0.12,0,0,0.25,0.0080000000000000002,97.006767272949219,97.006767272949219,75.796212196350098,27.614593228783711,27.614593228783711,27.240070164618444,1.0768280484984563,1.0768280484984563,1.0630994965749829,1.076828048498456,1.076828048498456,1.0630994965749829
250,0.12,0,0,0.25,0.0090000000000000011,96.723495498299599,96.723495498299599,75.796212196350098,27.590376975263574,27.590376975263574,27.222496093628358,1.0758837383359277,1.0758837383359277,1.0624136324817766,1.0758837383359274,1.0758837383359274,1.0624136324817766
251,0.12,0,0,0.25,0.01,96.441627740859985,96.441627740859985,75.796212196350098,27.566231364290733,27.566231364290733,27.204922022638272,1.0749421828718193,1.0749421828718193,1.0617277683885702,1.0749421828718193,1.0749421828718193,1.0617277683885702
252,0.12,0,0,0.25,0.010999999999999999,96.161151885986328,96.161151885986328,75.796212196350098,27.54215604625119,27.54215604625119,27.187347951648189,1.0740033684729717,1.0740033684729717,1.061041904295364,1.0740033684729717,1.0740033684729717,1.0610419042953638
253,0.12,0,0,0.25,0.012,95.882057666778564,95.882057666778564,75.796212196350098,27.51815067396868,27.51815067396868,27.169773880658102,1.0730672816012843,1.0730672816012843,1.0603560402021577,1.0730672816012843,1.0730672816012843,1.0603560402021577
254,0.12,0,0,0.25,0.013000000000000001,95.60434365272522,95.60434365272522,75.796212196350098,27.494214902682788,27.494214902682788,27.152199809668016,1.0721339088128623,1.0721339088128623,1.0596701761089513,1.0721339088128621,1.0721339088128621,1.0596701761089513
255,0.12,0,0,0.25,0.014,95.327987253665924,95.327987253665924,75.796212196350098,27.470348390027279,27.470348390027279,27.134625738677929,1.0712032367571716,1.0712032367571716,1.0589843120157449,1.0712032367571716,1.0712032367571716,1.0589843120157449
256,0.12,0,0,0.25,0.014999999999999999,95.052988171577454,95.052988171577454,75.796212196350098,27.446550796008641,27.446550796008641,27.117051667687846,1.0702752521762022,1.0702752521762022,1.0582984479225386,1.0702752521762022,1.0702752521762022,1.0582984479225386
257,0.12,0,0,0.25,0.02,93.698001861572266,93.698001861572266,75.796212196350098,27.328584869136161,27.328584869136161,27.029181312737418,1.0656751837351797,1.0656751837351797,1.054869127456507,1.0656751837351794,1.0656751837351794,1.0548691274565067
258,0.12,0,0,0.25,0.025000000000000001,92.375534296035767,92.375534296035767,75.796212196350098,27.212292237036561,27.212292237036561,26.941310957786989,1.0611403652411657,1.0611403652411657,1.0514398069904753,1.0611403652411655,1.0611403652411655,1.0514398069904751
259,0.12,0,0,0.25,0.029999999999999999,91.084478378295898,91.084478378295898,75.796212196350098,27.097632946808844,27.097632946808844,26.85344060283656,1.0566692387351473,1.0566692387351473,1.0480104865244435,1.0566692387351471,1.0566692387351471,1.0480104865244435
260,0.12,0,0,0.25,0.035000000000000003,89.823806762695313,89.823806762695313,75.796212196350098,26.984568379194748,26.984568379194748,26.765570247886131,1.0522602982633642,1.0522602982633642,1.0445811660584119,1.052260298263364,1.052260298263364,1.0445811660584119
261,0.12,0,0,0.25,0.040000000000000001,88.592506408691406,88.592506408691406,75.796212196350098,26.873061191631148,26.873061191631148,26.677699892935706,1.0479120876566441,1.0479120876566441,1.0411518455923803,1.0479120876566439,1.0479120876566439,1.0411518455923803
262,0.12,0,0,0.25,0.044999999999999998,87.389634117484093,87.389634117484093,75.796212196350098,26.763075264254866,26.763075264254866,26.589829537985278,1.0436231984248647,1.0436231984248647,1.0377225251263484,1.0436231984248647,1.0436231984248647,1.0377225251263484
263,0.12,0,0,0.25,0.050000000000000003,86.214260339736938,86.214260339736938,75.796212196350098,26.654575648680179,26.654575648680179,26.501959183034849,1.0393922677595404,1.0393922677595404,1.0342932046603168,1.0393922677595402,1.0393922677595402,1.0342932046603168
264,0.12,0,0,0.25,0.059999999999999998,83.942543029785156,83.942543029785156,75.796212196350098,26.441901127530585,26.441901127530585,26.326218473133991,1.0310990480232398,1.0310990480232398,1.0274345637282534,1.0310990480232394,1.0310990480232394,1.0274345637282534
265,0.12,0,0,0.25,0.069999999999999993,81.770743370056152,81.770743370056152,75.796212196350098,26.234779683320337,26.234779683320337,26.150477763233138,1.0230223699160053,1.0230223699160053,1.0205759227961901,1.0230223699160053,1.0230223699160053,1.0205759227961901
266,0.12,0,0,0.25,0.080000000000000002,79.692764520645142,79.692764520645142,75.796212196350098,26.032969245830586,26.032969245830586,25.97473705333228,1.0151527939360776,1.0151527939360776,1.0137172818641267,1.0151527939360776,1.0151527939360776,1.0137172818641267
267,0.12,0,0,0.25,0.089999999999999997,77.702983617782593,77.702983617782593,75.796212196350098,25.83624237980019,25.83624237980019,25.798996343431426,1.0074814512702759,1.0074814512702759,1.0068586409320635,1.0074814512702757,1.0074814512702757,1.0068586409320635
268,0.12,0,0,0.25,0.10000000000000001,75.796212196350098,75.796212196350098,75.796212196350098,25.644385161855581,25.644385161855581,25.623255633530569,1,1,1,1,1,1
269,0.12,0,0,0.25,0.11,73.967639923095703,73.967639923095703,75.796212196350098,25.457196161286539,25.457196161286539,25.447514923629711,0.99270058535669348,0.99270058535669348,0.99314135906793655,0.99270058535669348,0.99270058535669348,0.99314135906793677
270,0.12,0,0,0.25,0.12,72.21281623840332,72.21281623840332,75.796212196350098,25.274485513486965,25.274485513486965,25.271774213728857,0.98557580359076735,0.98557580359076735,0.98628271813587332,0.98557580359076735,0.98557580359076735,0.98628271813587332
271,0.12,0,1,0.25,0,99.324676036834717,99.324676036834717,75.796213150024414,27.810909164564833,27.810909164564833,27.380662732539129,1.0844833669840455,1.0844833669840455,1.0685864093206336,1.0844833669840452,1.0844833669840452,1.0685864093206336
272,0.12,0,1,0.25,0.001,99.029811382293701,99.029811382293701,75.796213150024414,27.786114884604771,27.786114884604771,27.363088661549043,1.0835165167435903,1.0835165167435903,1.0679005452274273,1.0835165167435901,1.0835165167435901,1.0679005452274273
273,0.12,0,1,0.25,0.002,98.736433029174805,98.736433029174805,75.796213150024414,27.761394134574527,27.761394134574527,27.345514590558956,1.0825525337947217,1.0825525337947217,1.0672146811342209,1.0825525337947217,1.0825525337947217,1.0672146811342209
274,0.12,0,1,0.25,0.0030000000000000001,98.444533348083496,98.444533348083496,75.796213150024414,27.736746544539308,27.736746544539308,27.327940519568873,1.081591403711873,1.081591403711873,1.0665288170410148,1.081591403711873,1.081591403711873,1.0665288170410148
275,0.12,0,1,0.25,0.0040000000000000001,98.15408992767334,98.15408992767334,75.796213150024414,27.712171747186414,27.712171747186414,27.310366448578787,1.0806331121717254,1.0806331121717254,1.0658429529478084,1.0806331121717252,1.0806331121717252,1.0658429529478084
276,0.12,0,1,0.25,0.0050000000000000001,97.865102767944336,97.865102767944336,75.796213150024414,27.687669377801296,27.687669377801296,27.2927923775887,1.0796776449522749,1.0796776449522749,1.065157088854602,1.0796776449522747,1.0796776449522747,1.065157088854602
277,0.12,0,1,0.25,0.0060000000000000001,97.57756233215332,97.57756233215332,75.796213150024414,27.663239074243869,27.663239074243869,27.275218306598614,1.0787249879319083,1.0787249879319083,1.0644712247613957,1.0787249879319081,1.0787249879319081,1.0644712247613957
278,0.12,0,1,0.25,0.0070000000000000001,97.291450500488281,97.291450500488281,75.796213150024414,27.638880476925063,27.638880476925063,27.257644235608531,1.0777751270884892,1.0777751270884892,1.0637853606681893,1.077775127088489,1.077775127088489,1.0637853606681893
279,0.12,0,1,0.25,0.0080000000000000002,97.006767213344574,97.006767213344574,75.796213150024414,27.614593228783715,27.614593228783715,27.240070164618444,1.0768280484984563,1.0768280484984563,1.0630994965749829,1.0768280484984563,1.0768280484984563,1.0630994965749829
280,0.12,0,1,0.25,0.0090000000000000011,96.723495483398438,96.723495483398438,75.796213150024414,27.590376975263574,27.590376975263574,27.222496093628358,1.0758837383359277,1.0758837383359277,1.0624136324817766,1.0758837383359274,1.0758837383359274,1.0624136324817766
281,0.12,0,1,0.25,0.01,96.441627562046051,96.441627562046051,75.796213150024414,27.566231364290736,27.566231364290736,27.204922022638272,1.0749421828718195,1.0749421828718195,1.0617277683885702,1.0749421828718193,1.0749421828718193,1.0617277683885702
282,0.12,0,1,0.25,0.010999999999999999,96.161151945590973,96.161151945590973,75.796213150024414,27.542156046251193,27.542156046251193,27.187347951648189,1.074003368472972,1.074003368472972,1.061041904295364,1.0740033684729717,1.0740033684729717,1.061041904295364
283,0.12,0,1,0.25,0.012,95.882059037685394,95.882059037685394,75.796213150024414,27.51815067396868,27.51815067396868,27.169773880658102,1.0730672816012843,1.0730672816012843,1.0603560402021577,1.0730672816012843,1.0730672816012843,1.0603560402021577
284,0.12,0,1,0.25,0.013000000000000001,95.604343414306641,95.604343414306641,75.796213150024414,27.494214902682788,27.494214902682788,27.152199809668016,1.0721339088128623,1.0721339088128623,1.0596701761089513,1.0721339088128621,1.0721339088128621,1.0596701761089513
285,0.12,0,1,0.25,0.014,95.327987685799599,95.327987685799599,75.796213150024414,27.470348390027283,27.470348390027283,27.134625738677929,1.0712032367571716,1.0712032367571716,1.0589843120157449,1.0712032367571716,1.0712032367571716,1.0589843120157449
286,0.12,0,1,0.25,0.014999999999999999,95.052992761135101,95.052992761135101,75.796213150024414,27.446550796008641,27.446550796008641,27.117051667687846,1.0702752521762022,1.0702752521762022,1.0582984479225386,1.070275252176202,1.070275252176202,1.0582984479225386
287,0.12,0,1,0.25,0.02,93.698001861572266,93.698001861572266,75.796213150024414,27.328584869136161,27.328584869136161,27.029181312737418,1.0656751837351797,1.0656751837351797,1.054869127456507,1.0656751837351794,1.0656751837351794,1.054869127456507
288,0.12,0,1,0.25,0.025000000000000001,92.375533223152161,92.375533223152161,75.796213150024414,27.212292237036564,27.212292237036564,26.941310957786989,1.0611403652411657,1.0611403652411657,1.0514398069904753,1.0611403652411657,1.0611403652411657,1.0514398069904753
289,0.12,0,1,0.25,0.029999999999999999,91.084478378295898,91.084478378295898,75.796213150024414,27.097632946808844,27.097632946808844,26.85344060283656,1.0566692387351473,1.0566692387351473,1.0480104865244435,1.0566692387351471,1.0566692387351471,1.0480104865244435
290,0.12,0,1,0.25,0.035000000000000003,89.823806762695313,89.823806762695313,75.796213150024414,26.984568379194748,26.984568379194748,26.765570247886131,1.0522602982633642,1.0522602982633642,1.0445811660584119,1.0522602982633642,1.0522602982633642,1.0445811660584119
291,0.12,0,1,0.25,0.040000000000000001,88.592506408691406,88.592506408691406,75.796213150024414,26.873061191631148,26.873061191631148,26.677699892935706,1.0479120876566441,1.0479120876566441,1.0411518455923803,1.0479120876566437,1.0479120876566437,1.0411518455923803
292,0.12,0,1,0.25,0.044999999999999998,87.38963320851326,87.38963320851326,75.796213150024414,26.763075264254869,26.763075264254869,26.589829537985278,1.043623198424865,1.043623198424865,1.0377225251263484,1.0436231984248647,1.0436231984248647,1.0377225251263484
293,0.12,0,1,0.25,0.050000000000000003,86.214260101318359,86.214260101318359,75.796213150024414,26.654575648680179,26.654575648680179,26.501959183034849,1.0393922677595404,1.0393922677595404,1.0342932046603168,1.0393922677595402,1.0393922677595402,1.0342932046603168
294,0.12,0,1,0.25,0.059999999999999998,83.942543029785156,83.942543029785156,75.796213150024414,26.441901127530585,26.441901127530585,26.326218473133991,1.0310990480232398,1.0310990480232398,1.0274345637282534,1.0310990480232394,1.0310990480232394,1.0274345637282534
295,0.12,0,1,0.25,0.069999999999999993,81.770744323730469,81.770744323730469,75.796213150024414,26.234779683320337,26.234779683320337,26.150477763233138,1.0230223699160053,1.0230223699160053,1.0205759227961901,1.0230223699160053,1.0230223699160053,1.0205759227961901
296,0.12,0,1,0.25,0.080000000000000002,79.692764282226562,79.692764282226562,75.796213150024414,26.032969245830586,26.032969245830586,25.97473705333228,1.0151527939360776,1.0151527939360776,1.0137172818641267,1.0151527939360776,1.0151527939360776,1.0137172818641267
297,0.12,0,1,0.25,0.089999999999999997,77.702984094619751,77.702984094619751,75.796213150024414,25.836242379800186,25.836242379800186,25.798996343431426,1.0074814512702757,1.0074814512702757,1.0068586409320635,1.0074814512702757,1.0074814512702757,1.0068586409320635
298,0.12,0,1,0.25,0.10000000000000001,75.796213150024414,75.796213150024414,75.796213150024414,25.644385161855581,25.644385161855581,25.623255633530569,1,1,1,0.99999999999999989,0.99999999999999989,1
299,0.12,0,1,0.25,0.11,73.967639923095703,73.967639923095703,75.796213150024414,25.457196161286539,25.457196161286539,25.447514923629711,0.99270058535669348,0.99270058535669348,0.99314135906793655,0.99270058535669337,0.99270058535669337,0.99314135906793655
300,0.12,0,1,0.25,0.12,72.212816178798676,72.212816178798676,75.796213150024414,25.274485513486969,25.274485513486969,25.271774213728857,0.98557580359076746,0.98557580359076746,0.98628271813587332,0.98557580359076735,0.98557580359076735,0.98628271813587332
301,0.12,1.5,0,0.25,0,99.324676036834717,99.324676036834717,75.796212196350098,27.810909164564833,27.810909164564833,27.380662732539129,1.0844833669840455,1.099484105389593,1.0685864093206336,0.92220463330267288,0.93838075451818947,0.93712386351446131
302,0.12,1.5,0,0.25,0.001,99.029811382293701,94.523500442504883,75.796212196350098,27.786114884604771,27.777254892489655,27.363088661549043,1.0835165167435903,1.098153608173333,1.0679005452274273,0.92406622096577706,0.94003471331362221,0.93775262487931665
303,0.12,1.5,0,0.25,0.002,98.736433029174805,91.860581398010254,75.796212196350098,27.761394134574527,27.740363332621143,27.345514590558956,1.0825525337947217,1.0966951271341678,1.0672146811342209,0.92586344212392246,0.94142627913190269,0.93838138624417211
304,0.12,1.5,0,0.25,0.0030000000000000001,98.44453239440918,89.872146666049957,75.796212196350098,27.736746544539304,27.703544380551598,27.327940519568873,1.081591403711873,1.0952395165916278,1.0665288170410148,0.92760024057271406,0.94268537784163708,0.93901014760902757
305,0.12,1.5,0,0.25,0.0040000000000000001,98.154091358184814,88.245621204376221,75.796212196350098,27.712171747186414,27.667209844268886,27.310366448578787,1.0806331121717254,1.0938030570755741,1.0658429529478084,0.92928022229167939,0.94385580474892383,0.93963890897388302
306,0.12,1.5,0,0.25,0.0050000000000000001,97.865105628967285,86.851831436157227,75.796212196350098,27.687669377801299,27.631441008114535,27.2927923775887,1.0796776449522749,1.0923889621034435,1.065157088854602,0.93090669857398012,0.94496003859273847,0.94026767033873826
307,0.12,1.5,0,0.25,0.0060000000000000001,97.57756233215332,85.622955799102783,75.796212196350098,27.663239074243869,27.596239354446663,27.275218306598614,1.0787249879319083,1.090997290279188,1.0644712247613957,0.93248271075481859,0.94601176415406185,0.94089643170359372
308,0.12,1.5,0,0.25,0.0070000000000000001,97.291450500488281,84.518341064453125,75.796212196350098,27.638880476925063,27.561583248039874,27.257644235608531,1.0777751270884892,1.089627186269877,1.0637853606681893,0.93401106075499973,0.94702017104792746,0.94152519306844906
309,0.12,1.5,0,0.25,0.0080000000000000002,97.006767272949219,83.511411666870117,75.796212196350098,27.614593228783711,27.527444547690454,27.240070164618444,1.0768280484984563,1.0882775375334497,1.0630994965749829,0.93549434010316257,0.94799184227398847,0.9421539544333043
310,0.12,1.5,0,0.25,0.0090000000000000011,96.723495498299599,82.583711616694927,75.796212196350098,27.590376975263574,27.493794487400383,27.222496093628358,1.0758837383359277,1.0869472068270565,1.0624136324817766,0.93693493682230078,0.94893171598563342,0.94278271579815986
311,0.12,1.5,0,0.25,0.01,96.441627740859985,81.721824169158936,75.796212196350098,27.566231364290733,27.460605637048651,27.204922022638272,1.0749421828718193,1.085635109720775,1.0617277683885702,0.93833506897009045,0.94984362701629244,0.94341147716301521
312,0.12,1.5,0,0.25,0.010999999999999999,96.161151885986328,80.915660858154297,75.796212196350098,27.54215604625119,27.427852797095422,27.187347951648189,1.0740033684729717,1.0843402499690906,1.061041904295364,0.93969679163066044,0.95073063498777255,0.94404023852787067
313,0.12,1.5,0,0.25,0.012,95.882057666778564,80.157402515411377,75.796212196350098,27.51815067396868,27.395512783094944,27.169773880658102,1.0730672816012843,1.0830617109917706,1.0603560402021577,0.94102201618234893,0.95159523459667872,0.9446689998927259
314,0.12,1.5,0,0.25,0.013000000000000001,95.60434365272522,79.440864086151123,75.796212196350098,27.494214902682788,27.363564634407059,27.152199809668016,1.0721339088128623,1.081798664125122,1.0596701761089513,0.94231253048925079,0.95243949652518067,0.94529776125758136
315,0.12,1.5,0,0.25,0.014,95.327987253665924,78.761049509048462,75.796212196350098,27.470348390027279,27.331989243404038,27.134625738677929,1.0712032367571716,1.0805503539629531,1.0589843120157449,0.94356998238391532,0.95326516534748751,0.94592652262243671
316,0.12,1.5,0,0.25,0.014999999999999999,95.052988171577454,78.113852977752686,75.796212196350098,27.446550796008641,27.300769091229363,27.117051667687846,1.0702752521762022,1.0793160879099886,1.0582984479225386,0.94479593073790968,0.95407372963431403,0.94655528398729216
317,0.12,1.5,0,0.25,0.02,93.698001861572266,75.264505386352539,75.796212196350098,27.328584869136161,27.149485221145099,27.029181312737418,1.0656751837351797,1.0733351899258476,1.054869127456507,0.95050075735440775,0.95789969618197834,0.949699090811569
318,0.12,1.5,0,0.25,0.025000000000000001,92.375534296035767,72.884640216827393,75.796212196350098,27.212292237036561,27.005169299671639,26.941310957786989,1.0611403652411657,1.0676297647318775,1.0514398069904753,0.95560120991740738,0.96143749430347347,0.95284289763584595
319,0.12,1.5,0,0.25,0.029999999999999999,91.084478378295898,70.829174041748047,75.796212196350098,27.097632946808844,26.866734769281678,26.85344060283656,1.0566692387351473,1.0621568560649877,1.0480104865244435,0.96020939608808586,0.96475382376575802,0.9559867044601229
320,0.12,1.5,0,0.25,0.035000000000000003,89.823806762695313,69.013599514961243,75.796212196350098,26.984568379194748,26.73339090627497,26.765570247886131,1.0522602982633642,1.0568852032376892,1.0445811660584119,0.96441036561876614,0.96789176423128087,0.95913051128439986
321,0.12,1.5,0,0.25,0.040000000000000001,88.592506408691406,67.38383674621582,75.796212196350098,26.873061191631148,26.604535952914631,26.677699892935706,1.0479120876566441,1.0517910161946806,1.0411518455923803,0.9682699564782703,0.97088128928278705,0.96227431810867681
322,0.12,1.5,0,0.25,0.044999999999999998,87.389634117484093,65.902915477752686,75.796212196350098,26.763075264254866,26.479695414326411,26.589829537985278,1.0436231984248647,1.0468555361255532,1.0377225251263484,0.97184013146756509,0.97374437079647636,0.96541812493295387
323,0.12,1.5,0,0.25,0.050000000000000003,86.214260339736938,64.544330537319183,75.796212196350098,26.654575648680179,26.358485623901956,26.501959183034849,1.0393922677595404,1.0420635950494559,1.0342932046603168,0.97516247748784002,0.9764977515191835,0.9685619317572306
324,0.12,1.5,0,0.25,0.059999999999999998,83.942543029785156,62.119809865951538,75.796212196350098,26.441901127530585,26.125738856849921,26.326218473133991,1.0310990480232398,1.0328621205690536,1.0274345637282534,0.98119281288911153,0.98172542214534575,0.9748495454057845
325,0.12,1.5,0,0.25,0.069999999999999993,81.770743370056152,59.999923720955849,75.796212196350098,26.234779683320337,25.904296385874016,26.150477763233138,1.0230223699160053,1.0241075532280326,1.0205759227961901,0.98656647494856664,0.98664240145253679,0.9811371590543384
326,0.12,1.5,0,0.25,0.080000000000000002,79.692764520645142,58.114459991455078,75.796212196350098,26.032969245830586,25.692671966855347,25.97473705333228,1.0151527939360776,1.0157411354440429,1.0137172818641267,0.9914273190081796,0.99130258256731973,0.98742477270289242
327,0.12,1.5,0,0.25,0.089999999999999997,77.702983617782593,56.415680050849915,75.796212196350098,25.83624237980019,25.489715214936808,25.798996343431426,1.0074814512702759,1.0077173875868439,1.0068586409320635,0.99587939465301634,0.99574520528625921,0.9937123863514461
328,0.12,1.5,0,0.25,0.10000000000000001,75.796212196350098,54.869483947753906,75.796212196350098,25.644385161855581,25.294507695234277,25.623255633530569,1,1,1,1,1,1
329,0.12,1.5,0,0.25,0.11,73.967639923095703,53.450603485107422,75.796212196350098,25.457196161286539,25.106299450746729,25.447514923629711,0.99270058535669348,0.99255932367788258,0.99314135906793655,1.0038478180898978,1.0040901953349388,1.0062876136485539
330,0.12,1.5,0,0.25,0.12,72.21281623840332,52.139724731445313,75.796212196350098,25.274485513486965,24.924465440579766,25.271774213728857,0.98557580359076735,0.98537064808245978,0.98628271813587332,1.0074682606346632,1.0080343899838229,1.0125752272971078
331,0.12,1.5,1,0.25,0,99.324676036834717,99.324676036834717,75.796213150024414,27.810909164564833,27.810909164564833,27.380662732539129,1.0844833669840455,1.099484105389593,1.0685864093206336,0.92220463330267288,0.93838075451818947,0.93712386351446131
332,0.12,1.5,1,0.25,0.001,99.029811382293701,99.029815673828125,75.796213150024414,27.786114884604771,27.786114884604764,27.363088661549043,1.0835165167435903,1.0985038815299786,1.0679005452274273,0.92261599526131433,0.93879933205639565,0.93742475129106406
333,0.12,1.5,1,0.25,0.002,98.736433029174805,98.736433029174805,75.796213150024414,27.761394134574527,27.761394134574527,27.345514590558956,1.0825525337947217,1.0975265646227634,1.0672146811342209,0.92302668580737679,0.93921722640497129,0.93772592907723562
334,0.12,1.5,1,0.25,0.0030000000000000001,98.444533348083496,98.444533348083496,75.796213150024414,27.736746544539308,27.736746544539308,27.327940519568873,1.081591403711873,1.0965521400428431,1.0665288170410148,0.9234367074262877,0.93963444009294028,0.93802739733915019
335,0.12,1.5,1,0.25,0.0040000000000000001,98.15408992767334,98.15408992767334,75.796213150024414,27.712171747186414,27.712171747186414,27.310366448578787,1.0806331121717254,1.095580593268777,1.0658429529478084,0.92384606258915136,0.94005097563475193,0.93832915654403126
336,0.12,1.5,1,0.25,0.0050000000000000001,97.865102767944336,97.865104675292969,75.796213150024414,27.687669377801296,27.687669377801292,27.2927923775887,1.0796776449522749,1.0946119098818401,1.065157088854602,0.92425475375286148,0.94046683553039545,0.93863120716015547
337,0.12,1.5,1,0.25,0.0060000000000000001,97.57756233215332,97.57756233215332,75.796213150024414,27.663239074243869,27.663239074243869,27.275218306598614,1.0787249879319083,1.0936460755650874,1.0644712247613957,0.92466278336021035,0.94088202226551143,0.93893354965685527
338,0.12,1.5,1,0.25,0.0070000000000000001,97.291450500488281,97.291458129882813,75.796213150024414,27.638880476925063,27.63888047692506,27.257644235608531,1.0777751270884892,1.0926830761024253,1.0637853606681893,0.92507015384000058,0.9412965383115055,0.93923618450452195
339,0.12,1.5,1,0.25,0.0080000000000000002,97.006767213344574,97.006767213344574,75.796213150024414,27.614593228783715,27.614593228783715,27.240070164618444,1.0768280484984563,1.0917228973777009,1.0630994965749829,0.92547686760715187,0.94171038612565672,0.93953911217460873
340,0.12,1.5,1,0.25,0.0090000000000000011,96.723495483398438,96.723495483398438,75.796213150024414,27.590376975263574,27.590376975263574,27.222496093628358,1.0758837383359277,1.0907655253737893,1.0624136324817766,0.92588292706281095,0.94212356815122944,0.93984233313963395
341,0.12,1.5,1,0.25,0.01,96.441627562046051,96.441627562046051,75.796213150024414,27.566231364290736,27.566231364290736,27.204922022638272,1.0749421828718195,1.0898109461717049,1.0617277683885702,0.92628833459445548,0.9425360868175795,0.94014584787318445
342,0.12,1.5,1,0.25,0.010999999999999999,96.161151945590973,96.161151945590973,75.796213150024414,27.542156046251193,27.542156046251193,27.187347951648189,1.074003368472972,1.0888591459497112,1.061041904295364,0.9266930925760013,0.94294794454026321,0.94044965684991766
343,0.12,1.5,1,0.25,0.012,95.882059037685394,95.882057666778564,75.796213150024414,27.51815067396868,27.51815067396868,27.169773880658102,1.0730672816012843,1.0879101109824469,1.0603560402021577,0.92709720336790691,0.9433591437211426,0.94075376054556603
344,0.12,1.5,1,0.25,0.013000000000000001,95.604343414306641,95.604343414306641,75.796213150024414,27.494214902682788,27.494214902682788,27.152199809668016,1.0721339088128623,1.0869638276400595,1.0596701761089513,0.92750066931727582,0.94376968674849149,0.94105815943693938
345,0.12,1.5,1,0.25,0.014,95.327987685799599,95.327987670898437,75.796213150024414,27.470348390027283,27.470348390027279,27.134625738677929,1.0712032367571716,1.0860202823873482,1.0589843120157449,0.9279034927579598,0.94417957599709879,0.9413628540019281
346,0.12,1.5,1,0.25,0.014999999999999999,95.052992761135101,95.052992820739746,75.796213150024414,27.446550796008641,27.446550796008637,27.117051667687846,1.0702752521762022,1.085079461782916,1.0582984479225386,0.92830567601066072,0.94458881382837323,0.94166784471950604
347,0.12,1.5,1,0.25,0.02,93.698001861572266,93.698001861572266,75.796213150024414,27.328584869136161,27.328584869136161,27.029181312737418,1.0656751837351797,1.080415764497568,1.054869127456507,0.93030706977102473,0.94662531345016809,0.94319725743660565
348,0.12,1.5,1,0.25,0.025000000000000001,92.375533223152161,92.375533103942871,75.796213150024414,27.212292237036564,27.212292237036561,26.941310957786989,1.0611403652411657,1.0758182197063915,1.0514398069904753,0.93229279954872279,0.94864587433196756,0.94473414644334075
349,0.12,1.5,1,0.25,0.029999999999999999,91.084478378295898,91.084478378295898,75.796213150024414,27.097632946808844,27.097632946808844,26.85344060283656,1.0566692387351473,1.071285247900448,1.0480104865244435,0.93426314122286758,0.95065077719199875,0.94627857284996897
350,0.12,1.5,1,0.25,0.035000000000000003,89.823806762695313,89.823806762695313,75.796213150024414,26.984568379194748,26.984568379194748,26.765570247886131,1.0522602982633642,1.0668153222953967,1.0445811660584119,0.93621836316668883,0.95264029511094783,0.9478305984683526
351,0.12,1.5,1,0.25,0.040000000000000001,88.592506408691406,88.592506408691406,75.796213150024414,26.873061191631148,26.873061191631148,26.677699892935706,1.0479120876566441,1.0624069665801119,1.0411518455923803,0.93815872652237131,0.9546146938116179,0.94939028582234908
352,0.12,1.5,1,0.25,0.044999999999999998,87.38963320851326,87.389634132385254,75.796213150024414,26.763075264254869,26.763075264254866,26.589829537985278,1.043623198424865,1.0580587527820231,1.0377225251263484,0.94008448546329537,0.9565742319257704,0.9509576981583916
353,0.12,1.5,1,0.25,0.050000000000000003,86.214260101318359,86.214260101318359,75.796213150024414,26.654575648680179,26.654575648680179,26.501959183034849,1.0393922677595404,1.0537692992420704,1.0342932046603168,0.94199588744436813,0.95851916124884595,0.9525328994562593
354,0.12,1.5,1,0.25,0.059999999999999998,83.942543029785156,83.942543029785156,75.796213150024414,26.441901127530585,26.441901127530585,26.326218473133991,1.0310990480232398,1.0453613664326225,1.0274345637282534,0.94577657817798033,0.96236616797066388,0.95570692858933992
355,0.12,1.5,1,0.25,0.069999999999999993,81.770744323730469,81.770744323730469,75.796213150024414,26.234779683320337,26.234779683320337,26.150477763233138,1.0230223699160053,1.0371729704888946,1.0205759227961901,0.94950265281579838,0.96615760059175682,0.95891290014865815
356,0.12,1.5,1,0.25,0.080000000000000002,79.692764282226562,79.692764282226562,75.796213150024414,26.032969245830586,26.032969245830586,25.97473705333228,1.0151527939360776,1.0291945413405077,1.0137172818641267,0.9531758721958975,0.96989525083654471,0.96215135351816516
357,0.12,1.5,1,0.25,0.089999999999999997,77.702984094619751,77.702983856201172,75.796213150024414,25.836242379800186,25.836242379800183,25.798996343431426,1.0074814512702757,1.0214170874995117,1.0068586409320635,0.95679791016310323,0.97358082191027462,0.96542284091990216
358,0.12,1.5,1,0.25,0.10000000000000001,75.796213150024414,75.796211242675781,75.796213150024414,25.644385161855581,25.644385161855578,25.623255633530569,1,1.0138321516606239,1,0.96037035930806214,0.97721593433875897,0.96872792780955863
359,0.12,1.5,1,0.25,0.11,73.967639923095703,73.967639923095703,75.796213150024414,25.457196161286539,25.457196161286539,25.447514923629711,0.99270058535669348,1.0064317704069377,0.99314135906793655,0.96389473623587063,0.98080213132941962,0.97206719328703028
360,0.12,1.5,1,0.25,0.12,72.212816178798676,72.21281623840332,75.796213150024414,25.274485513486969,25.274485513486965,25.271774213728857,0.98557580359076746,0.9992084375790764,0.98628271813587332,0.96737248641009899,0.98434088370027994,0.97544123052265308
